model_name	split	mac_precision	mac_recall	mac_f1	support	model_type	ds_size	seq_len	fold	best_val_score	epoch_stop	total_time
CNN_simple_fold1_300bp_10000seqs	train	0.6453827913279132	0.9424038873803058	0.7243156605062978	8000	CNN_simple	10000	300	1	0.9047151103019714	173	136.5959014892578
CNN_simple_fold1_300bp_10000seqs	test	0.3289345803543921	0.3254195486851952	0.317208794518485	2000	CNN_simple	10000	300	1	0.9047151103019714	173	136.5959014892578
2CNN_fold2_50bp_10000seqs	train	0.9846743295019156	0.9998299319727892	0.9920718070336068	8000	2CNN	10000	50	2	0.0335853293091058	1389	420.815815448761
2CNN_fold2_50bp_10000seqs	test	0.93301252735215	0.9166129609738632	0.9245888144128388	2000	2CNN	10000	50	2	0.0335853293091058	1389	420.815815448761
CNN_simple_fold3_300bp_10000seqs	train	0.4985621381185547	0.7744382833753626	0.5307558220089926	8000	CNN_simple	10000	300	3	0.9489645566940308	45	114.91297554969788
CNN_simple_fold3_300bp_10000seqs	test	0.3305811098468112	0.3256008369474775	0.2958884515425078	2000	CNN_simple	10000	300	3	0.9489645566940308	45	114.91297554969788
CNN_simple_fold2_150bp_10000seqs	train	0.7640985410016411	0.9879143339553896	0.8504954579491762	8000	CNN_simple	10000	150	2	0.5279739260673523	460	177.92699933052063
CNN_simple_fold2_150bp_10000seqs	test	0.3556505687321749	0.3716450849202264	0.3591640167396768	2000	CNN_simple	10000	150	2	0.5279739260673523	460	177.92699933052063
CNN_simple_fold4_150bp_6000seqs	train	0.9440149325626204	0.9979236188357432	0.9697377333240684	4800	CNN_simple	6000	150	4	0.5401039310296376	643	121.02497410774232
CNN_simple_fold4_150bp_6000seqs	test	0.3820685972561544	0.401618358024052	0.3886556362661602	1200	CNN_simple	6000	150	4	0.5401039310296376	643	121.02497410774232
2CNN_fold3_50bp_2000seqs	train	0.7935483870967742	0.9963814389101744	0.8727084341851598	1600	2CNN	2000	50	3	0.2805245590955019	781	61.53679013252258
2CNN_fold3_50bp_2000seqs	test	0.3566188197767145	0.3838022165387895	0.3633268482490273	400	2CNN	2000	50	3	0.2805245590955019	781	61.53679013252258
CNN_simple_fold1_300bp_2000seqs	train	0.8776984936006342	0.9892933618843684	0.9272143822629084	1600	CNN_simple	2000	300	1	0.6358109056949616	96	24.49860167503357
CNN_simple_fold1_300bp_2000seqs	test	0.3260464758387196	0.326103896103896	0.3252595341202936	400	CNN_simple	2000	300	1	0.6358109056949616	96	24.49860167503357
2CNN_pool_fold3_50bp_10000seqs	train	0.6668669871794872	0.992517006802721	0.7701047794685282	8000	2CNN_pool	10000	50	3	0.077948052406311	2581	654.000638961792
2CNN_pool_fold3_50bp_10000seqs	test	0.6207783745425147	0.9428571428571428	0.7172412755569217	2000	2CNN_pool	10000	50	3	0.077948052406311	2581	654.000638961792
CNN_simple_fold0_150bp_2000seqs	train	0.7851732473811442	0.9886135298057602	0.8661495136198093	1600	CNN_simple	2000	150	0	0.4608094507455826	180	80.48880434036255
CNN_simple_fold0_150bp_2000seqs	test	0.3786375661375661	0.3815710652171777	0.3795157869860756	400	CNN_simple	2000	150	0	0.4608094507455826	180	80.48880434036255
CNN_simple_fold3_300bp_6000seqs	train	0.5311392648258088	0.8128194767634845	0.5784645637346371	4800	CNN_simple	6000	300	3	0.9123333525657654	41	65.34094309806824
CNN_simple_fold3_300bp_6000seqs	test	0.3271744334171482	0.3148956306851044	0.2967174316946433	1200	CNN_simple	6000	300	3	0.9123333525657654	41	65.34094309806824
CNN_simple_fold0_50bp_6000seqs	train	0.8409090909090908	0.9980184005661712	0.9086521560967896	4800	CNN_simple	6000	50	0	0.2236062024533748	701	112.21159100532532
CNN_simple_fold0_50bp_6000seqs	test	0.3406217616580311	0.3476461233470579	0.3421691273150757	1200	CNN_simple	6000	50	0	0.2236062024533748	701	112.21159100532532
2CNN_fold4_50bp_2000seqs	train	0.6333333333333333	0.9910600255427844	0.7415010016951764	1600	2CNN	2000	50	4	0.2957187414169311	499	45.7209677696228
2CNN_fold4_50bp_2000seqs	test	0.3256802721088435	0.3265132139812446	0.3260962111536824	400	2CNN	2000	50	4	0.2957187414169311	499	45.7209677696228
2CNN_fold3_150bp_10000seqs	train	1.0	1.0	1.0	8000	2CNN	10000	150	3	0.1077524248361587	2782	830.9731860160828
2CNN_fold3_150bp_10000seqs	test	0.921004385196658	0.8127763938926059	0.853289376744122	2000	2CNN	10000	150	3	0.1077524248361587	2782	830.9731860160828
CNN_simple_fold3_150bp_10000seqs	train	0.8648026315789474	0.9944014929352172	0.921684196972248	8000	CNN_simple	10000	150	3	0.6183954830169678	609	203.81771087646484
CNN_simple_fold3_150bp_10000seqs	test	0.3344521972706429	0.336456110253331	0.332297331576344	2000	CNN_simple	10000	150	3	0.6183954830169678	609	203.81771087646484
2CNN_fold2_150bp_6000seqs	train	0.8427853192559075	0.99302929180571	0.907336917613336	4800	2CNN	6000	150	2	0.4737870681285858	595	158.71439456939697
2CNN_fold2_150bp_6000seqs	test	0.3821499037691493	0.4001698797072463	0.3882570668448357	1200	2CNN	6000	150	2	0.4737870681285858	595	158.71439456939697
CNN_simple_fold3_50bp_10000seqs	train	0.7988895588383077	0.9969812925170068	0.8784349023098527	8000	CNN_simple	10000	50	3	0.1751154239177703	1067	243.76226949691767
CNN_simple_fold3_50bp_10000seqs	test	0.4286825610355022	0.508577992600549	0.4556444055404473	2000	CNN_simple	10000	50	3	0.1751154239177703	1067	243.76226949691767
2CNN_pool_fold4_300bp_2000seqs	train	0.6035099485803711	0.9072855343605594	0.6782550788376679	1600	2CNN_pool	2000	300	4	0.8190733981132508	225	45.14998960494995
2CNN_pool_fold4_300bp_2000seqs	test	0.3552955920125942	0.381948051948052	0.3547303594729069	400	2CNN_pool	2000	300	4	0.8190733981132508	225	45.14998960494995
CNN_simple_fold4_300bp_6000seqs	train	0.6476720289760104	0.9351196441295888	0.7282181901863346	4800	CNN_simple	6000	300	4	0.855061723391215	110	73.50819516181946
CNN_simple_fold4_300bp_6000seqs	test	0.339165963435712	0.3427794427794428	0.3313289582857746	1200	CNN_simple	6000	300	4	0.855061723391215	110	73.50819516181946
CNN_simple_fold0_300bp_10000seqs	train	0.5188991993376822	0.8061882858347226	0.5592734828530687	8000	CNN_simple	10000	300	0	0.8870222358703613	62	112.14151167869568
CNN_simple_fold0_300bp_10000seqs	test	0.3382257639009555	0.3423940785559228	0.3158728104055157	2000	CNN_simple	10000	300	0	0.8870222358703613	62	112.14151167869568
2CNN_pool_fold2_300bp_10000seqs	train	0.9953663026651606	0.999666523748273	0.9975080410061729	8000	2CNN_pool	10000	300	2	0.0687400895953178	2758	1072.8664002418518
2CNN_pool_fold2_300bp_10000seqs	test	0.9526911625836412	0.9937747165046694	0.9724102616078646	2000	2CNN_pool	10000	300	2	0.0687400895953178	2758	1072.8664002418518
CNN_simple_fold2_300bp_10000seqs	train	0.8755579379594011	0.9889952836930114	0.9255793527238656	8000	CNN_simple	10000	300	2	0.8406493988037109	283	157.17615246772766
CNN_simple_fold2_300bp_10000seqs	test	0.334587594621925	0.3347001495047112	0.3341572231753891	2000	CNN_simple	10000	300	2	0.8406493988037109	283	157.17615246772766
2CNN_fold1_300bp_10000seqs	train	0.7552907178749164	0.9712257634224192	0.8336483902518245	8000	2CNN	10000	300	1	0.8372295227050781	293	211.1337535381317
2CNN_fold1_300bp_10000seqs	test	0.333212150455337	0.3331517908607473	0.3304967292661067	2000	2CNN	10000	300	1	0.8372295227050781	293	211.1337535381317
CNN_simple_fold2_150bp_2000seqs	train	0.7139466546112115	0.9812458137977226	0.8069348188925213	1600	CNN_simple	2000	150	2	0.4651957941055298	134	23.369494199752808
CNN_simple_fold2_150bp_2000seqs	test	0.3526536312849161	0.3497628376984945	0.3505825746497475	400	CNN_simple	2000	150	2	0.4651957941055298	134	23.369494199752808
CNN_simple_fold1_150bp_10000seqs	train	0.7299662180871684	0.9848040522527328	0.822781987381498	8000	CNN_simple	10000	150	1	0.5365354113578796	393	169.52632570266724
CNN_simple_fold1_150bp_10000seqs	test	0.3243844520893372	0.3188058329044433	0.3205947178179599	2000	CNN_simple	10000	150	1	0.5365354113578796	393	169.52632570266724
CNN_simple_fold4_300bp_2000seqs	train	0.784885895997007	0.9773970973114442	0.8600482182898688	1600	CNN_simple	2000	300	4	0.6266347980499267	75	23.993560075759888
CNN_simple_fold4_300bp_2000seqs	test	0.3520186633731302	0.3513419913419913	0.351616931152326	400	CNN_simple	2000	300	4	0.6266347980499267	75	23.993560075759888
2CNN_pool_fold3_300bp_2000seqs	train	0.7373940205265507	0.9693076374018558	0.819584201806424	1600	2CNN_pool	2000	300	3	0.8016951680183411	829	77.98534178733826
2CNN_pool_fold3_300bp_2000seqs	test	0.3301226923517945	0.33	0.3269894902535502	400	2CNN_pool	2000	300	3	0.8016951680183411	829	77.98534178733826
2CNN_fold0_300bp_6000seqs	train	0.6144818462232509	0.9310294064660252	0.6909102024638395	4800	2CNN	6000	300	0	0.8945940256118774	248	121.79839324951172
2CNN_fold0_300bp_6000seqs	test	0.3246908773717264	0.3188799504588978	0.3098212000461049	1200	2CNN	6000	300	0	0.8945940256118774	248	121.79839324951172
2CNN_pool_fold2_50bp_6000seqs	train	0.7064722911497104	0.994621372965322	0.8074027274026564	4800	2CNN_pool	6000	50	2	0.073533797810475	2332	370.838812828064
2CNN_pool_fold2_50bp_6000seqs	test	0.5965533201020091	0.8262531860662702	0.6739206380594555	1200	2CNN_pool	6000	50	2	0.073533797810475	2332	370.838812828064
2CNN_pool_fold4_300bp_10000seqs	train	0.9993238674780256	0.9999523605354677	0.999637769090008	8000	2CNN_pool	10000	300	4	0.0362771154344081	2883	923.5326919555664
2CNN_pool_fold4_300bp_10000seqs	test	0.9867833370068329	0.996442907852106	0.9915714594552092	2000	2CNN_pool	10000	300	4	0.0362771154344081	2883	923.5326919555664
CNN_simple_fold2_50bp_6000seqs	train	0.7903479766965833	0.997098372257608	0.8741109627759723	4800	CNN_simple	6000	50	2	0.2053646649916966	707	112.53065943717957
CNN_simple_fold2_50bp_6000seqs	test	0.3896040845395364	0.4168616430298673	0.4002443448570209	1200	CNN_simple	6000	50	2	0.2053646649916966	707	112.53065943717957
2CNN_pool_fold2_150bp_2000seqs	train	0.7433957254745786	0.9850413038624692	0.8334685708358068	1600	2CNN_pool	2000	150	2	0.5196452045440674	1523	100.49862813949584
2CNN_pool_fold2_150bp_2000seqs	test	0.3350434096290449	0.327696432254073	0.3312673217435122	400	2CNN_pool	2000	150	2	0.5196452045440674	1523	100.49862813949584
2CNN_pool_fold0_50bp_10000seqs	train	0.5665297996764962	0.9867346938775512	0.6704238735616689	8000	2CNN_pool	10000	50	0	0.1243753991127014	2066	588.8805294036865
2CNN_pool_fold0_50bp_10000seqs	test	0.5174106548996803	0.9188506981740064	0.6075092773239623	2000	2CNN_pool	10000	50	0	0.1243753991127014	2066	588.8805294036865
CNN_simple_fold4_50bp_6000seqs	train	0.7528872958980486	0.9962491153573956	0.8464487796062622	4800	CNN_simple	6000	50	4	0.1682583338022232	446	88.66113257408142
CNN_simple_fold4_50bp_6000seqs	test	0.3429224303260292	0.3499117704725181	0.3452619955832162	1200	CNN_simple	6000	50	4	0.1682583338022232	446	88.66113257408142
2CNN_fold0_300bp_10000seqs	train	0.6154461330251108	0.915135541795464	0.6915467613174248	8000	2CNN	10000	300	0	0.8161639986038208	162	178.61015725135803
2CNN_fold0_300bp_10000seqs	test	0.3450118379654621	0.3517160793391811	0.3389750268717661	2000	2CNN	10000	300	0	0.8161639986038208	162	178.61015725135803
2CNN_fold2_50bp_6000seqs	train	0.8089915548931943	0.997381457891012	0.8832093756185198	4800	2CNN	6000	50	2	0.1669134817520777	822	172.98238348960876
2CNN_fold2_50bp_6000seqs	test	0.4112720045428733	0.4604361370716511	0.4300843067325415	1200	2CNN	6000	50	2	0.1669134817520777	822	172.98238348960876
2CNN_fold1_50bp_2000seqs	train	0.7018460466736328	0.9940400170285228	0.8033326842472018	1600	2CNN	2000	50	1	0.2871762657165527	678	53.7420814037323
2CNN_fold1_50bp_2000seqs	test	0.3634619075033583	0.3889173060528559	0.3719433719433719	400	2CNN	2000	50	1	0.2871762657165527	678	53.7420814037323
CNN_simple_fold3_150bp_6000seqs	train	0.6865322781105418	0.9798294401186504	0.7841954896593855	4800	CNN_simple	6000	150	3	0.6632899554570516	384	93.79549646377563
CNN_simple_fold3_150bp_6000seqs	test	0.3491551413829213	0.3702362367842794	0.3484985151843716	1200	CNN_simple	6000	150	3	0.6632899554570516	384	93.79549646377563
2CNN_fold4_300bp_10000seqs	train	0.8734366844138219	0.9888047258348815	0.9243439557922116	8000	2CNN	10000	300	4	0.7899870882034302	542	301.0797851085663
2CNN_fold4_300bp_10000seqs	test	0.3558598142918663	0.3601069077800555	0.3573336037852871	2000	2CNN	10000	300	4	0.7899870882034302	542	301.0797851085663
CNN_simple_fold2_300bp_6000seqs	train	0.566099186063373	0.8506100693128751	0.6261763022267836	4800	CNN_simple	6000	300	2	0.8654790178934733	41	65.17534899711609
CNN_simple_fold2_300bp_6000seqs	test	0.3240333336417783	0.3067289435710488	0.3022947127973851	1200	CNN_simple	6000	300	2	0.8654790178934733	41	65.17534899711609
2CNN_fold2_300bp_10000seqs	train	0.8779535417770711	0.9892334810156734	0.9270882678963926	8000	2CNN	10000	300	2	0.7119240760803223	833	518.9844992160797
2CNN_fold2_300bp_10000seqs	test	0.4037269193511414	0.4210620354488279	0.4110026410784488	2000	2CNN	10000	300	2	0.7119240760803223	833	518.9844992160797
CNN_simple_fold4_150bp_2000seqs	train	0.7848101265822786	0.9886135298057602	0.8653508673123119	1600	CNN_simple	2000	150	4	0.4639921522140502	172	24.551597833633423
CNN_simple_fold4_150bp_2000seqs	test	0.3557900908824392	0.3639729350185114	0.3598067987282954	400	CNN_simple	2000	150	4	0.4639921522140502	172	24.551597833633423
2CNN_pool_fold0_300bp_6000seqs	train	0.9504304999468518	0.9960108504866764	0.9722382170465962	4800	2CNN_pool	6000	300	0	0.6050250975290934	2925	533.8498163223267
2CNN_pool_fold0_300bp_6000seqs	test	0.4597777419725559	0.4277231540389435	0.4401631367198082	1200	2CNN_pool	6000	300	0	0.6050250975290934	2925	533.8498163223267
CNN_simple_fold3_50bp_6000seqs	train	0.6954022988505747	0.994692144373673	0.7992571397554299	4800	CNN_simple	6000	50	3	0.2128290758530298	506	94.248055934906
CNN_simple_fold3_50bp_6000seqs	test	0.3529189956525596	0.3727207372067185	0.358520081623382	1200	CNN_simple	6000	50	3	0.2128290758530298	506	94.248055934906
2CNN_pool_fold2_50bp_10000seqs	train	0.8276573787409701	0.9976190476190476	0.8997968533495583	8000	2CNN_pool	10000	50	2	0.0477543569505214	2638	699.044356584549
2CNN_pool_fold2_50bp_10000seqs	test	0.730734004127967	0.9481292517006802	0.814599073766671	2000	2CNN_pool	10000	50	2	0.0477543569505214	2638	699.044356584549
2CNN_fold0_150bp_10000seqs	train	1.0	1.0	1.0	8000	2CNN	10000	150	0	0.1665921095609664	2758	825.223130941391
2CNN_fold0_150bp_10000seqs	test	0.7620428973277075	0.7128921370160691	0.733734544341926	2000	2CNN	10000	150	0	0.1665921095609664	2758	825.223130941391
2CNN_pool_fold1_50bp_10000seqs	train	0.6970284237726099	0.9940051020408164	0.7974729401748947	8000	2CNN_pool	10000	50	1	0.0595016614198684	2395	619.1403522491455
2CNN_pool_fold1_50bp_10000seqs	test	0.6590815147910408	0.9606009070294784	0.7512859076777018	2000	2CNN_pool	10000	50	1	0.0595016614198684	2395	619.1403522491455
2CNN_pool_fold3_150bp_2000seqs	train	0.6556764658112717	0.9736548336682296	0.7532279230178277	1600	2CNN_pool	2000	150	3	0.5269892984628677	1177	84.01155614852905
2CNN_pool_fold3_150bp_2000seqs	test	0.362927054478301	0.3744218248239696	0.3666914375361241	400	2CNN_pool	2000	150	3	0.5269892984628677	1177	84.01155614852905
2CNN_fold0_50bp_6000seqs	train	0.9697802197802198	0.999716914366596	0.9842764720876204	4800	2CNN	6000	50	0	0.0730195935318867	2012	334.5561738014221
2CNN_fold0_50bp_6000seqs	test	0.6223078240027392	0.6071411454589025	0.611183046906424	1200	2CNN	6000	50	0	0.0730195935318867	2012	334.5561738014221
CNN_simple_fold0_150bp_10000seqs	train	0.7392387349566191	0.9858260019550342	0.8304887376551996	8000	CNN_simple	10000	150	0	0.4901086201667786	330	152.7244369983673
CNN_simple_fold0_150bp_10000seqs	test	0.3382391717695665	0.3389476525418882	0.3376075651604872	2000	CNN_simple	10000	150	0	0.4901086201667786	330	152.7244369983673
2CNN_pool_fold1_150bp_10000seqs	train	0.9985693848354792	0.9999555674042478	0.9992609363431972	8000	2CNN_pool	10000	150	1	0.0449685277044773	2345	726.041660785675
2CNN_pool_fold1_150bp_10000seqs	test	0.9584136885365822	0.9928306513409962	0.9750127965331103	2000	2CNN_pool	10000	150	1	0.0449685277044773	2345	726.041660785675
2CNN_fold3_300bp_6000seqs	train	0.669331211283586	0.948588557073478	0.7511664405134687	4800	2CNN	6000	300	3	0.8777219748497009	222	116.52801942825316
2CNN_fold3_300bp_6000seqs	test	0.3220607790031159	0.3136039399197294	0.3090395970036721	1200	2CNN	6000	300	3	0.8777219748497009	222	116.52801942825316
2CNN_pool_fold3_50bp_6000seqs	train	0.7544795783926218	0.9959660297239916	0.8456620516516759	4800	2CNN_pool	6000	50	3	0.0901545974363883	2827	435.0859463214874
2CNN_pool_fold3_50bp_6000seqs	test	0.595654305200341	0.8655795917478161	0.6780196704123961	1200	2CNN_pool	6000	50	3	0.0901545974363883	2827	435.0859463214874
2CNN_fold4_300bp_6000seqs	train	0.7798604509336156	0.9730333492899312	0.8498200324617682	4800	2CNN	6000	300	4	0.852017814318339	327	132.91715097427368
2CNN_fold4_300bp_6000seqs	test	0.3291524097932738	0.3230664072769336	0.3240455774920481	1200	2CNN	6000	300	4	0.852017814318339	327	132.91715097427368
CNN_simple_fold1_50bp_2000seqs	train	0.8157575757575758	0.9972328650489568	0.8917155209728506	1600	CNN_simple	2000	50	1	0.2096118116378784	516	33.12496829032898
CNN_simple_fold1_50bp_2000seqs	test	0.4376762549351382	0.3957374254049446	0.4111464968152866	400	CNN_simple	2000	50	1	0.2096118116378784	516	33.12496829032898
2CNN_fold1_150bp_2000seqs	train	0.7969696969696969	0.9890600580486716	0.8736318262526265	1600	2CNN	2000	150	1	0.5680187320709229	420	45.93039298057556
2CNN_fold1_150bp_2000seqs	test	0.3607694688474632	0.3744218248239696	0.364064532916992	400	2CNN	2000	150	1	0.5680187320709229	420	45.93039298057556
2CNN_pool_fold4_50bp_6000seqs	train	0.6581439393939393	0.9933474876150036	0.7659904771025584	4800	2CNN_pool	6000	50	4	0.0957361872990926	1614	278.27188539505005
2CNN_pool_fold4_50bp_6000seqs	test	0.5525225340680935	0.7481972855804632	0.6181703206278145	1200	2CNN_pool	6000	50	4	0.0957361872990926	1614	278.27188539505005
2CNN_pool_fold0_50bp_6000seqs	train	0.6847034821718365	0.994338287331918	0.7902538326049888	4800	2CNN_pool	6000	50	0	0.1003753001987934	2938	454.5658352375031
2CNN_pool_fold0_50bp_6000seqs	test	0.5532467532467532	0.7632986950743961	0.6225834366430837	1200	2CNN_pool	6000	50	0	0.1003753001987934	2938	454.5658352375031
CNN_simple_fold0_50bp_10000seqs	train	0.7991596638655462	0.9970663265306122	0.880297209899371	8000	CNN_simple	10000	50	0	0.1837586665153503	707	193.5289764404297
CNN_simple_fold0_50bp_10000seqs	test	0.3885817012589087	0.4077067669172932	0.3963724447595416	2000	CNN_simple	10000	50	0	0.1837586665153503	707	193.5289764404297
2CNN_pool_fold4_150bp_2000seqs	train	0.9298540965207632	0.997097566421076	0.9613316807700406	1600	2CNN_pool	2000	150	4	0.4406923758983612	1752	114.11155366897584
2CNN_pool_fold4_150bp_2000seqs	test	0.3444444444444445	0.3365887910123835	0.3397207367795603	400	2CNN_pool	2000	150	4	0.4406923758983612	1752	114.11155366897584
CNN_simple_fold4_50bp_2000seqs	train	0.5961331901181525	0.9887186036611324	0.7042308814868555	1600	CNN_simple	2000	50	4	0.2409416079521179	206	23.08281683921814
CNN_simple_fold4_50bp_2000seqs	test	0.381962481962482	0.3880647911338448	0.384489222118088	400	CNN_simple	2000	50	4	0.2409416079521179	206	23.08281683921814
2CNN_pool_fold0_300bp_10000seqs	train	0.977237981857863	0.9899001538353824	0.9834598717864336	8000	2CNN_pool	10000	300	0	0.0864970107078552	2013	648.4688777923584
2CNN_pool_fold0_300bp_10000seqs	test	0.941489959483039	0.9749737945492662	0.9576989230960696	2000	2CNN_pool	10000	300	0	0.0864970107078552	2013	648.4688777923584
2CNN_fold4_150bp_2000seqs	train	0.609651237544198	0.966287117660192	0.7062687124568744	1600	2CNN	2000	150	4	0.5372533297538757	197	34.86598086357117
2CNN_fold4_150bp_2000seqs	test	0.3229249762583095	0.3169725716642607	0.3177280217117379	400	2CNN	2000	150	4	0.5372533297538757	197	34.86598086357117
2CNN_pool_fold2_150bp_10000seqs	train	0.87588815194872	0.993823869190438	0.9242409517202208	8000	2CNN_pool	10000	150	2	0.1144281106591224	2181	661.4578857421875
2CNN_pool_fold2_150bp_10000seqs	test	0.7731112588255445	0.9426016583747928	0.8383309362130215	2000	2CNN_pool	10000	150	2	0.1144281106591224	2181	661.4578857421875
2CNN_fold3_50bp_6000seqs	train	0.9594974131559496	0.9995753715498936	0.978875600771232	4800	2CNN	6000	50	3	0.1001423566540082	1769	298.01829624176025
2CNN_fold3_50bp_6000seqs	test	0.4610738255033557	0.3831993551619719	0.4038897487610025	1200	2CNN	6000	50	3	0.1001423566540082	1769	298.01829624176025
2CNN_pool_fold4_50bp_2000seqs	train	0.7471861471861473	0.9951042997020008	0.8379842230152841	1600	2CNN_pool	2000	50	4	0.2815206670761108	1002	68.89064478874207
2CNN_pool_fold4_50bp_2000seqs	test	0.3255004351610095	0.3188405797101449	0.32213608957795	400	2CNN_pool	2000	50	4	0.2815206670761108	1002	68.89064478874207
2CNN_fold1_50bp_6000seqs	train	0.973148148148148	0.999716914366596	0.9861151782481488	4800	2CNN	6000	50	1	0.0580406425893306	1795	301.183973312378
2CNN_fold1_50bp_6000seqs	test	0.8474619289340102	0.7373287148988084	0.7856026769715325	1200	2CNN	6000	50	1	0.0580406425893306	1795	301.183973312378
2CNN_pool_fold1_50bp_6000seqs	train	0.7145699418426692	0.9939844302901628	0.8075424721204404	4800	2CNN_pool	6000	50	1	0.0857704309622446	2348	371.5891511440277
2CNN_pool_fold1_50bp_6000seqs	test	0.5704767585922085	0.8311134348517527	0.6444588437784753	1200	2CNN_pool	6000	50	1	0.0857704309622446	2348	371.5891511440277
2CNN_pool_fold1_300bp_10000seqs	train	1.0	1.0	1.0	8000	2CNN_pool	10000	300	1	0.0139098835587501	3892	1128.38756108284
2CNN_pool_fold1_300bp_10000seqs	test	0.9920826873385012	0.9994282447112636	0.995728688062866	2000	2CNN_pool	10000	300	1	0.0139098835587501	3892	1128.38756108284
2CNN_fold3_300bp_10000seqs	train	0.696793245015638	0.9589824210375876	0.7802696671121199	8000	2CNN	10000	300	3	0.8607393684387207	309	238.01989912986755
2CNN_fold3_300bp_10000seqs	test	0.3448517085378755	0.3553805208667438	0.3420805716555171	2000	2CNN	10000	300	3	0.8607393684387207	309	238.01989912986755
2CNN_pool_fold0_150bp_2000seqs	train	0.8864734299516909	0.995088189327975	0.9354768038978566	1600	2CNN_pool	2000	150	0	0.4298797044157982	1857	237.94234108924863
2CNN_pool_fold0_150bp_2000seqs	test	0.3656538576109622	0.3357393276964322	0.3451860213536522	400	2CNN_pool	2000	150	0	0.4298797044157982	1857	237.94234108924863
2CNN_pool_fold1_300bp_6000seqs	train	0.9627111356796266	0.9970480293601404	0.9793072149568078	4800	2CNN_pool	6000	300	1	0.5237080486615499	2305	438.041069984436
2CNN_pool_fold1_300bp_6000seqs	test	0.5245876237649547	0.4660024186339975	0.4882201755813952	1200	2CNN_pool	6000	300	1	0.5237080486615499	2305	438.041069984436
CNN_simple_fold1_300bp_6000seqs	train	0.6000768010447018	0.8891795655766687	0.6714090545703906	4800	CNN_simple	6000	300	1	0.838953279654185	74	69.3477234840393
CNN_simple_fold1_300bp_6000seqs	test	0.3452181817362593	0.3541458541458541	0.3376084271219948	1200	CNN_simple	6000	300	1	0.838953279654185	74	69.3477234840393
CNN_simple_fold1_150bp_6000seqs	train	0.7353023953968353	0.9850203930292918	0.8270782892115567	4800	CNN_simple	6000	150	1	0.5196294029553731	273	81.88482069969177
CNN_simple_fold1_150bp_6000seqs	test	0.3375760645128554	0.3436122270641844	0.3375304992738407	1200	CNN_simple	6000	150	1	0.5196294029553731	273	81.88482069969177
CNN_simple_fold4_150bp_10000seqs	train	0.7690571681054993	0.9873367102106104	0.8516131684330955	8000	CNN_simple	10000	150	4	0.6140869746208191	445	175.99110531806946
CNN_simple_fold4_150bp_10000seqs	test	0.3510923990136938	0.3744255732830102	0.3513728623832651	2000	CNN_simple	10000	150	4	0.6140869746208191	445	175.99110531806946
CNN_simple_fold0_50bp_2000seqs	train	0.7808499743983615	0.9961685823754788	0.864592798531692	1600	CNN_simple	2000	50	0	0.2130817613005638	401	31.89659285545349
CNN_simple_fold0_50bp_2000seqs	test	0.3680915371329878	0.3889173060528559	0.3756063756063756	400	CNN_simple	2000	50	0	0.2130817613005638	401	31.89659285545349
CNN_simple_fold2_300bp_2000seqs	train	0.7909612625538021	0.9776350226029026	0.8639068217180622	1600	CNN_simple	2000	300	2	0.6883831715583801	89	83.70904088020325
CNN_simple_fold2_300bp_2000seqs	test	0.3265722108740058	0.3256277056277056	0.3257383600108579	400	CNN_simple	2000	300	2	0.6883831715583801	89	83.70904088020325
2CNN_pool_fold0_50bp_2000seqs	train	0.6161490683229813	0.989995742869306	0.7249053240961431	1600	2CNN_pool	2000	50	0	0.2149708887934684	1173	79.07489490509033
2CNN_pool_fold0_50bp_2000seqs	test	0.3255613126079447	0.3213981244671782	0.3234663234663235	400	2CNN_pool	2000	50	0	0.2149708887934684	1173	79.07489490509033
2CNN_fold1_300bp_2000seqs	train	0.7069850193211961	0.9299233618625404	0.7808529125055736	1600	2CNN	2000	300	1	0.8444606947898865	178	42.224456787109375
2CNN_fold1_300bp_2000seqs	test	0.3060838616394172	0.296969696969697	0.2995523814313735	400	2CNN	2000	300	1	0.8444606947898865	178	42.224456787109375
2CNN_fold0_150bp_2000seqs	train	0.9058641975308642	0.995757981692342	0.9462852056380874	1600	2CNN	2000	150	0	0.5545338368415833	448	48.32482075691223
2CNN_fold0_150bp_2000seqs	test	0.3377508235998802	0.3339520175981301	0.3358064516129033	400	2CNN	2000	150	0	0.5545338368415833	448	48.32482075691223
2CNN_pool_fold0_150bp_6000seqs	train	0.933375104427736	0.9974786800148312	0.9633523725367628	4800	2CNN_pool	6000	150	0	0.110462040156126	3071	522.5963034629822
2CNN_pool_fold0_150bp_6000seqs	test	0.8047426693888902	0.8663287568981519	0.8321204544457604	1200	2CNN_pool	6000	150	0	0.110462040156126	3071	522.5963034629822
2CNN_pool_fold3_50bp_2000seqs	train	0.6930263596930263	0.9936143039591316	0.7963534403910456	1600	2CNN_pool	2000	50	3	0.2533538621664047	1385	88.14581394195557
2CNN_pool_fold3_50bp_2000seqs	test	0.3255004351610095	0.3188405797101449	0.32213608957795	400	2CNN_pool	2000	50	3	0.2533538621664047	1385	88.14581394195557
2CNN_fold1_150bp_10000seqs	train	1.0	1.0	1.0	8000	2CNN	10000	150	1	0.0478052197508513	3432	1001.6609420776368
2CNN_fold1_150bp_10000seqs	test	0.9761882673538042	0.933411379882198	0.9535140099640002	2000	2CNN	10000	150	1	0.0478052197508513	3432	1001.6609420776368
2CNN_fold0_50bp_10000seqs	train	0.9875929274663452	0.9998724489795916	0.9936667000279776	8000	2CNN	10000	50	0	0.0427879823446273	1915	552.5473167896271
2CNN_fold0_50bp_10000seqs	test	0.8489079627773637	0.8265425468432986	0.8370945069058277	2000	2CNN	10000	50	0	0.0427879823446273	1915	552.5473167896271
2CNN_fold4_50bp_10000seqs	train	1.0	1.0	1.0	8000	2CNN	10000	50	4	0.0268661666773259	2371	613.7802255153656
2CNN_fold4_50bp_10000seqs	test	0.9013537560910708	0.8303944384771452	0.8633984793220462	2000	2CNN	10000	50	4	0.0268661666773259	2371	613.7802255153656
2CNN_pool_fold3_300bp_6000seqs	train	0.9807463704569814	0.998484123184937	0.9893577712076946	4800	2CNN_pool	6000	300	3	0.4126227839787801	3089	554.4186916351318
2CNN_pool_fold3_300bp_6000seqs	test	0.6207107843137255	0.5515122304595989	0.5788197187500688	1200	2CNN_pool	6000	300	3	0.4126227839787801	3089	554.4186916351318
2CNN_fold4_300bp_2000seqs	train	0.6584413632510132	0.9247222567832356	0.7399360058598731	1600	2CNN	2000	300	4	0.7468148589134216	129	35.07696080207825
2CNN_fold4_300bp_2000seqs	test	0.3417131779309914	0.346017316017316	0.3373994327188127	400	2CNN	2000	300	4	0.7468148589134216	129	35.07696080207825
CNN_simple_fold3_300bp_2000seqs	train	0.8259033923303835	0.9823935284320724	0.8899941098718344	1600	CNN_simple	2000	300	3	0.6147301387786865	89	27.24184823036194
CNN_simple_fold3_300bp_2000seqs	test	0.3432597703250175	0.3355411255411255	0.3384687095659442	400	CNN_simple	2000	300	3	0.6147301387786865	89	27.24184823036194
2CNN_fold2_50bp_2000seqs	train	0.7275985663082437	0.9948914431673052	0.8243763520359266	1600	2CNN	2000	50	2	0.3228535366058349	681	58.03041100502014
2CNN_fold2_50bp_2000seqs	test	0.3254799301919721	0.3179880647911338	0.3216903837861147	400	2CNN	2000	50	2	0.3228535366058349	681	58.03041100502014
2CNN_pool_fold2_300bp_2000seqs	train	0.9091001190385736	0.9926243159647872	0.947391153055149	1600	2CNN_pool	2000	300	2	0.813955750465393	1323	165.25503396987915
2CNN_pool_fold2_300bp_2000seqs	test	0.340016708437761	0.3463203463203463	0.3423506743737958	400	2CNN_pool	2000	300	2	0.813955750465393	1323	165.25503396987915
2CNN_pool_fold3_150bp_6000seqs	train	0.9849587978007212	0.9994809047089358	0.9921311809331512	4800	2CNN_pool	6000	150	3	0.0825570531686147	2822	477.7780079841614
2CNN_pool_fold3_150bp_6000seqs	test	0.9167297634845056	0.9881908324968824	0.9499315592676262	1200	2CNN_pool	6000	150	3	0.0825570531686147	2822	477.7780079841614
2CNN_pool_fold2_300bp_6000seqs	train	0.9335833333333332	0.9941758417105472	0.9612035651458744	4800	2CNN_pool	6000	300	2	0.5514119001229604	2449	456.5464284420013
2CNN_pool_fold2_300bp_6000seqs	test	0.5024072295867679	0.4605680868838763	0.4758669122562475	1200	2CNN_pool	6000	300	2	0.5514119001229604	2449	456.5464284420013
2CNN_fold3_50bp_10000seqs	train	0.9915611814345991	0.9999149659863944	0.9956839732959136	8000	2CNN	10000	50	3	0.0198296712711453	1832	518.401638507843
2CNN_fold3_50bp_10000seqs	test	0.930632008154944	0.9009100131280584	0.9138499893216876	2000	2CNN	10000	50	3	0.0198296712711453	1832	518.401638507843
2CNN_fold3_300bp_2000seqs	train	0.6915167151903973	0.9270016101794192	0.7697480732612788	1600	2CNN	2000	300	3	0.6904634523391724	65	34.8569130897522
2CNN_fold3_300bp_2000seqs	test	0.3363364061249257	0.3477489177489177	0.3381273783800909	400	2CNN	2000	300	3	0.6904634523391724	65	34.8569130897522
2CNN_fold4_50bp_6000seqs	train	0.9935897435897436	0.999929228591649	0.9967283645842888	4800	2CNN	6000	50	4	0.051948444545269	1924	316.6035056114197
2CNN_fold4_50bp_6000seqs	test	0.8943390505890506	0.6629697405398339	0.7158309712312253	1200	2CNN	6000	50	4	0.051948444545269	1924	316.6035056114197
CNN_simple_fold1_150bp_2000seqs	train	0.6517273576097106	0.9738780977896851	0.750702601067739	1600	CNN_simple	2000	150	1	0.5293188142776489	122	22.886608123779297
CNN_simple_fold1_150bp_2000seqs	test	0.3234265734265734	0.3169283799310609	0.3182758620689655	400	CNN_simple	2000	150	1	0.5293188142776489	122	22.886608123779297
CNN_simple_fold3_150bp_2000seqs	train	0.6657967232129911	0.9756642107613308	0.7640726410314388	1600	CNN_simple	2000	150	3	0.471473354101181	83	21.45394539833069
CNN_simple_fold3_150bp_2000seqs	test	0.3302962489343563	0.3303332056683263	0.3300973691466051	400	CNN_simple	2000	150	3	0.471473354101181	83	21.45394539833069
2CNN_fold2_150bp_2000seqs	train	0.7864659219685931	0.9886135298057602	0.8669121523426928	1600	2CNN	2000	150	2	0.5854625058174133	454	48.36096668243408
2CNN_fold2_150bp_2000seqs	test	0.3096539162112933	0.3038427167113494	0.3067207938655841	400	2CNN	2000	150	2	0.5854625058174133	454	48.36096668243408
2CNN_fold0_300bp_2000seqs	train	0.7089048481711525	0.9633595051153936	0.7944089553666842	1600	2CNN	2000	300	0	0.7194069123268128	173	39.29016089439392
2CNN_fold0_300bp_2000seqs	test	0.3275039745627981	0.3348917748917748	0.3287317855399846	400	2CNN	2000	300	0	0.7194069123268128	173	39.29016089439392
CNN_simple_fold1_50bp_10000seqs	train	0.6824663614925787	0.9934948979591836	0.7851785518276536	8000	CNN_simple	10000	50	1	0.2125659408569336	824	212.5207569599152
CNN_simple_fold1_50bp_10000seqs	test	0.3734466536040023	0.4314596013844133	0.3876516476015466	2000	CNN_simple	10000	50	1	0.2125659408569336	824	212.5207569599152
CNN_simple_fold0_300bp_6000seqs	train	0.621446345354582	0.9196351416289956	0.6982920179425475	4800	CNN_simple	6000	300	0	0.8547685257593791	70	70.27750658988953
CNN_simple_fold0_300bp_6000seqs	test	0.3463740107502309	0.355598202966624	0.3418063287563737	1200	CNN_simple	6000	300	0	0.8547685257593791	70	70.27750658988953
2CNN_fold0_150bp_6000seqs	train	0.8681773879142302	0.9939191694475342	0.9203994895864244	4800	2CNN	6000	150	0	0.5002249113718669	709	175.03997230529785
2CNN_fold0_150bp_6000seqs	test	0.3892710892710893	0.399698631015357	0.3938533181545218	1200	2CNN	6000	150	0	0.5002249113718669	709	175.03997230529785
2CNN_pool_fold0_300bp_2000seqs	train	0.7933453407905963	0.9781108731858196	0.8633118134460034	1600	2CNN_pool	2000	300	0	0.7765014624595642	745	76.88987016677856
2CNN_pool_fold0_300bp_2000seqs	test	0.3326797385620915	0.3373593073593073	0.3340137623495944	400	2CNN_pool	2000	300	0	0.7765014624595642	745	76.88987016677856
CNN_simple_fold4_300bp_10000seqs	train	0.4889954545598411	0.73043893954223	0.5191487997219421	8000	CNN_simple	10000	300	4	0.8941663703918457	26	111.66707801818848
CNN_simple_fold4_300bp_10000seqs	test	0.3309214781770384	0.3358288432530552	0.3052454414821802	2000	CNN_simple	10000	300	4	0.8941663703918457	26	111.66707801818848
CNN_simple_fold4_50bp_10000seqs	train	0.7422480620155039	0.9957057823129252	0.8377926289939656	8000	CNN_simple	10000	50	4	0.1734941116571426	726	187.64689207077024
CNN_simple_fold4_50bp_10000seqs	test	0.4105128504955169	0.5030254206945936	0.4375844546237404	2000	CNN_simple	10000	50	4	0.1734941116571426	726	187.64689207077024
2CNN_fold2_300bp_6000seqs	train	0.937111801242236	0.9945747566618798	0.9634922578063472	4800	2CNN	6000	300	2	0.8728860608736674	606	178.19637799263
2CNN_fold2_300bp_6000seqs	test	0.3227571928321553	0.3254301254301254	0.32368735775792	1200	2CNN	6000	300	2	0.8728860608736674	606	178.19637799263
2CNN_pool_fold4_300bp_6000seqs	train	0.9366001515534226	0.9944949736716132	0.9630734674026504	4800	2CNN_pool	6000	300	4	0.4927486713727315	2482	460.1848504543304
2CNN_pool_fold4_300bp_6000seqs	test	0.5270190753938363	0.5352705773758405	0.5263876235521633	1200	2CNN_pool	6000	300	4	0.4927486713727315	2482	460.1848504543304
2CNN_pool_fold1_150bp_2000seqs	train	0.9285912753542652	0.997097566421076	0.9597622780231778	1600	2CNN_pool	2000	150	1	0.4808274829387665	2942	172.55161213874817
2CNN_pool_fold1_150bp_2000seqs	test	0.3666666666666667	0.3603983148219072	0.3632250102838337	400	2CNN_pool	2000	150	1	0.4808274829387665	2942	172.55161213874817
CNN_simple_fold1_50bp_6000seqs	train	0.7551456829724673	0.9961783439490444	0.8476279079573148	4800	CNN_simple	6000	50	1	0.1752598239481449	620	104.80170345306396
CNN_simple_fold1_50bp_6000seqs	test	0.3786528633206656	0.3932030586236194	0.3849240841085199	1200	CNN_simple	6000	50	1	0.1752598239481449	620	104.80170345306396
CNN_simple_fold0_150bp_6000seqs	train	0.6472653045651385	0.9744901742677048	0.7468434251640358	4800	CNN_simple	6000	150	0	0.6055334893862406	267	81.17528963088989
CNN_simple_fold0_150bp_6000seqs	test	0.3323586070212757	0.3313564728155475	0.3270744396507128	1200	CNN_simple	6000	150	0	0.6055334893862406	267	81.17528963088989
2CNN_fold1_300bp_6000seqs	train	0.8075461314897935	0.978857507579384	0.8747614884165454	4800	2CNN	6000	300	1	0.8184505565961202	386	143.20636558532715
2CNN_fold1_300bp_6000seqs	test	0.3547461666122924	0.3637608006029059	0.3569255996032346	1200	2CNN	6000	300	1	0.8184505565961202	386	143.20636558532715
CNN_simple_fold2_150bp_6000seqs	train	0.587953795379538	0.9633667037449016	0.6822862932055771	4800	CNN_simple	6000	150	2	0.7040311940511068	210	74.77747702598572
CNN_simple_fold2_150bp_6000seqs	test	0.3389379578064904	0.3477509126975319	0.3281168181923013	1200	CNN_simple	6000	150	2	0.7040311940511068	210	74.77747702598572
2CNN_pool_fold2_150bp_6000seqs	train	0.868749200080449	0.9942157953281424	0.922464175908694	4800	2CNN_pool	6000	150	2	0.1505474572380384	2351	410.692120552063
2CNN_pool_fold2_150bp_6000seqs	test	0.7358725114096617	0.8791398159725562	0.7945036961650699	1200	2CNN_pool	6000	150	2	0.1505474572380384	2351	410.692120552063
2CNN_fold2_300bp_2000seqs	train	0.7465740204593708	0.9707351891506066	0.8265061903820877	1600	2CNN	2000	300	2	0.7279126071929931	133	75.03725171089172
2CNN_fold2_300bp_2000seqs	test	0.3220343788764841	0.3208658008658008	0.3212060971536445	400	2CNN	2000	300	2	0.7279126071929931	133	75.03725171089172
2CNN_fold1_150bp_6000seqs	train	0.9732059060686574	0.9990359658880238	0.9858122427518788	4800	2CNN	6000	150	1	0.3258144008119901	2028	365.71650409698486
2CNN_fold1_150bp_6000seqs	test	0.5466950753657964	0.4726731248083561	0.5002552979701719	1200	2CNN	6000	150	1	0.3258144008119901	2028	365.71650409698486
2CNN_pool_fold4_150bp_10000seqs	train	0.9011696386994276	0.9961787967653072	0.9444925436299496	8000	2CNN_pool	10000	150	4	0.1027625170648098	2379	730.2063035964966
2CNN_pool_fold4_150bp_10000seqs	test	0.7804033335531259	0.95906614056156	0.8532567862649397	2000	2CNN_pool	10000	150	4	0.1027625170648098	2379	730.2063035964966
2CNN_pool_fold4_50bp_10000seqs	train	0.96980056980057	0.9996598639455782	0.9841918316094646	8000	2CNN_pool	10000	50	4	0.0168314010798931	3324	798.0657157897949
2CNN_pool_fold4_50bp_10000seqs	test	0.925925925925926	0.9989795918367348	0.9578223471299608	2000	2CNN_pool	10000	50	4	0.0168314010798931	3324	798.0657157897949
2CNN_pool_fold1_300bp_2000seqs	train	0.7119913291949946	0.9635974304068524	0.7969251013796125	1600	2CNN_pool	2000	300	1	0.7414593148231506	641	272.99351930618286
2CNN_pool_fold1_300bp_2000seqs	test	0.3330560028627661	0.3336363636363635	0.3306106837264106	400	2CNN_pool	2000	300	1	0.7414593148231506	641	272.99351930618286
2CNN_fold4_150bp_6000seqs	train	0.9851028806584362	0.9994809047089358	0.9922065800683746	4800	2CNN	6000	150	4	0.4341456588109334	2147	381.9739420413971
2CNN_fold4_150bp_6000seqs	test	0.4579390434595061	0.4406107448812075	0.4485826124654375	1200	2CNN	6000	150	4	0.4341456588109334	2147	381.9739420413971
2CNN_fold4_150bp_10000seqs	train	1.0	1.0	1.0	8000	2CNN	10000	150	4	0.084853304028511	2165	680.1582698822021
2CNN_fold4_150bp_10000seqs	test	0.8966312878413131	0.8349555669926231	0.8637731891473478	2000	2CNN	10000	150	4	0.084853304028511	2165	680.1582698822021
2CNN_pool_fold4_150bp_6000seqs	train	0.9893145469451275	0.99962921764924	0.9944274571670808	4800	2CNN_pool	6000	150	4	0.0869849284986654	2775	471.3054995536804
2CNN_pool_fold4_150bp_6000seqs	test	0.8300092760498416	0.98374243392037	0.8953369776799319	1200	2CNN_pool	6000	150	4	0.0869849284986654	2775	471.3054995536804
CNN_simple_fold0_300bp_2000seqs	train	0.8208061002178649	0.9823935284320724	0.8873592753794673	1600	CNN_simple	2000	300	0	0.6337046551704407	84	38.77119207382202
CNN_simple_fold0_300bp_2000seqs	test	0.2986882265082148	0.3023809523809523	0.3005216640085061	400	CNN_simple	2000	300	0	0.6337046551704407	84	38.77119207382202
2CNN_pool_fold1_150bp_6000seqs	train	0.8753647430536194	0.9943641082684463	0.9253725900445154	4800	2CNN_pool	6000	150	1	0.1637931889295578	1978	359.4826135635376
2CNN_pool_fold1_150bp_6000seqs	test	0.7234073412612285	0.8431037799365201	0.7737791624554345	1200	2CNN_pool	6000	150	1	0.1637931889295578	1978	359.4826135635376
2CNN_pool_fold3_150bp_10000seqs	train	0.9971509971509972	0.9999111348084956	0.9985249463161708	8000	2CNN_pool	10000	150	3	0.028090184867382	2657	806.2483685016632
2CNN_pool_fold3_150bp_10000seqs	test	0.9683915960474344	0.993958208955224	0.9806277179791936	2000	2CNN_pool	10000	150	3	0.028090184867382	2657	806.2483685016632
2CNN_fold3_150bp_2000seqs	train	0.6308876179848422	0.9700826077249386	0.7289389138908923	1600	2CNN	2000	150	3	0.5895822262763977	201	35.99421453475952
2CNN_fold3_150bp_2000seqs	test	0.3547174539531386	0.3609728073535044	0.354054054054054	400	2CNN	2000	150	3	0.5895822262763977	201	35.99421453475952
CNN_simple_fold3_50bp_2000seqs	train	0.6818181818181818	0.993401447424436	0.7875174147913491	1600	CNN_simple	2000	50	3	0.2298912706971168	276	26.07617783546448
CNN_simple_fold3_50bp_2000seqs	test	0.35970409051349	0.3863597612958226	0.3674418604651162	400	CNN_simple	2000	50	3	0.2298912706971168	276	26.07617783546448
2CNN_fold1_50bp_10000seqs	train	1.0	1.0	1.0	8000	2CNN	10000	50	1	0.0307408125475049	1596	463.6077847480774
2CNN_fold1_50bp_10000seqs	test	0.8699844850220789	0.8633011099176513	0.8653061224489796	2000	2CNN	10000	50	1	0.0307408125475049	1596	463.6077847480774
CNN_simple_fold2_50bp_10000seqs	train	0.850824587706147	0.9979591836734696	0.9141142778204552	8000	CNN_simple	10000	50	2	0.1414729421138763	524	159.85347485542297
CNN_simple_fold2_50bp_10000seqs	test	0.4555702883492034	0.4732396467358873	0.463766185268734	2000	CNN_simple	10000	50	2	0.1414729421138763	524	159.85347485542297
2CNN_pool_fold0_150bp_10000seqs	train	0.9571083974069048	0.9984892917444238	0.9764891145102818	8000	2CNN_pool	10000	150	0	0.0436326206028461	1249	446.28788805007935
2CNN_pool_fold0_150bp_10000seqs	test	0.931227831980887	0.98678886029622	0.957023258741699	2000	2CNN_pool	10000	150	0	0.0436326206028461	1249	446.28788805007935
2CNN_pool_fold2_50bp_2000seqs	train	0.6481481481481481	0.9919114516815668	0.7565898154133448	1600	2CNN_pool	2000	50	2	0.2365929007530212	1009	72.41338777542114
2CNN_pool_fold2_50bp_2000seqs	test	0.3255813953488372	0.3222506393861892	0.3239074550128534	400	2CNN_pool	2000	50	2	0.2365929007530212	1009	72.41338777542114
2CNN_fold0_50bp_2000seqs	train	0.8180708180708182	0.9972328650489568	0.8929595601605861	1600	2CNN	2000	50	0	0.2891364057362079	871	66.58489060401917
2CNN_fold0_50bp_2000seqs	test	0.3566555608440425	0.3855072463768116	0.3642194911599827	400	2CNN	2000	50	0	0.2891364057362079	871	66.58489060401917
2CNN_fold3_150bp_6000seqs	train	0.9979035639413	0.999925843529848	0.998911392929248	4800	2CNN	6000	150	3	0.2502066591382026	1874	343.05147099494934
2CNN_fold3_150bp_6000seqs	test	0.6755364519449026	0.6446340948120307	0.658323629871138	1200	2CNN	6000	150	3	0.2502066591382026	1874	343.05147099494934
2CNN_pool_fold3_300bp_10000seqs	train	0.9993489583333334	0.9999523605354677	0.9996503395299566	8000	2CNN_pool	10000	300	3	0.0645271655023098	2486	815.2806196212769
2CNN_pool_fold3_300bp_10000seqs	test	0.9671259089169538	0.9975223937488088	0.981900326618218	2000	2CNN_pool	10000	300	3	0.0645271655023098	2486	815.2806196212769
2CNN_pool_fold1_50bp_2000seqs	train	0.7672413793103449	0.9959557258407834	0.8540501770183749	1600	2CNN_pool	2000	50	1	0.1798920774459839	1662	99.02133560180664
2CNN_pool_fold1_50bp_2000seqs	test	0.4376762549351382	0.3957374254049446	0.4111464968152866	400	2CNN_pool	2000	50	1	0.1798920774459839	1662	99.02133560180664
CNN_simple_fold2_50bp_2000seqs	train	0.718007662835249	0.9946785866326096	0.8178544245876912	1600	CNN_simple	2000	50	2	0.2556220889091491	349	31.22985816001892
CNN_simple_fold2_50bp_2000seqs	test	0.3254593175853018	0.3171355498721228	0.3212435233160622	400	CNN_simple	2000	50	2	0.2556220889091491	349	31.22985816001892
2CNN_fold2_150bp_10000seqs	train	1.0	1.0	1.0	8000	2CNN	10000	150	2	0.1506422352790832	4510	1265.730435848236
2CNN_fold2_150bp_10000seqs	test	0.8610205610402387	0.7467571109967404	0.7962254752090644	2000	2CNN	10000	150	2	0.1506422352790832	4510	1265.730435848236
