,model_name,split,mac_precision,mac_recall,mac_f1,support,model_type,ds_size,seq_len,fold,best_val_score,epoch_stop,total_time
0,2CNN_pool_fold2_90bp_10000seqs,train,0.9381225595664994,0.998810023799524,0.966957896922047,4928,2CNN_pool,10000,90,2,0.1149293355544045,3190,486.9571704864502
1,2CNN_pool_fold2_90bp_10000seqs,test,0.6715682545317763,0.718365010304557,0.6915635236543946,1233,2CNN_pool,10000,90,2,0.1149293355544045,3190,486.9571704864502
0,2CNN_pool_fold1_120bp_10000seqs,train,0.844784081897484,0.9954411991964148,0.9087574476254758,4495,2CNN_pool,10000,120,1,0.2336846291488599,1242,215.33051180839536
1,2CNN_pool_fold1_120bp_10000seqs,test,0.4828942701974762,0.4570898980537534,0.4658435867752542,1124,2CNN_pool,10000,120,1,0.2336846291488599,1242,215.33051180839536
0,2CNN_pool_fold0_90bp_10000seqs,train,0.935290404040404,0.998740025199496,0.965304286690766,4928,2CNN_pool,10000,90,0,0.1160178988422693,2269,364.4402062892914
1,2CNN_pool_fold0_90bp_10000seqs,test,0.6281400666037079,0.731557387476783,0.6683616125028288,1233,2CNN_pool,10000,90,0,0.1160178988422693,2269,364.4402062892914
0,2CNN_pool_fold2_130bp_10000seqs,train,0.9045601647543396,0.9979088247595148,0.9465174334831706,4965,2CNN_pool,10000,130,2,0.1597480246266305,1906,325.477430343628
1,2CNN_pool_fold2_130bp_10000seqs,test,0.581815860720101,0.600891861761427,0.5908107868132983,1242,2CNN_pool,10000,130,2,0.1597480246266305,1906,325.477430343628
0,2CNN_pool_fold0_40bp_10000seqs,train,0.7135261194029852,0.9945536550080843,0.8134060232167433,8000,2CNN_pool,10000,40,0,0.0725722674131393,3468,880.8920004367828
1,2CNN_pool_fold0_40bp_10000seqs,test,0.6107604184931906,0.9581375553285666,0.7113164298558831,2000,2CNN_pool,10000,40,0,0.0725722674131393,3468,880.8920004367828
0,2CNN_pool_fold4_40bp_2000seqs,train,0.9035087719298244,0.99764353041988,0.9424073293147784,1600,2CNN_pool,2000,40,4,0.2150119957327842,2307,132.7553951740265
1,2CNN_pool_fold4_40bp_2000seqs,test,0.4589940323955669,0.4225731423674868,0.4376068376068376,400,2CNN_pool,2000,40,4,0.2150119957327842,2307,132.7553951740265
0,2CNN_pool_fold1_90bp_6000seqs,train,0.8416091954022988,0.995489954899549,0.906200171493421,2539,2CNN_pool,6000,90,1,0.2643742795065632,1180,112.43914794921876
1,2CNN_pool_fold1_90bp_6000seqs,test,0.3387585621628174,0.34640605296343,0.3420076968464065,635,2CNN_pool,6000,90,1,0.2643742795065632,1180,112.43914794921876
0,2CNN_pool_fold0_20bp_2000seqs,train,0.6665051679586563,0.9903474903474904,0.7684073136570687,1600,2CNN_pool,2000,20,0,0.219444610774517,1547,109.79134917259216
1,2CNN_pool_fold0_20bp_2000seqs,test,0.513296586403636,0.561145795078957,0.5338946459412781,400,2CNN_pool,2000,20,0,0.219444610774517,1547,109.79134917259216
0,2CNN_pool_fold2_30bp_10000seqs,train,0.7338748208313426,0.9951086725362596,0.8285625723359749,8000,2CNN_pool,10000,30,2,0.0624004461169242,2263,623.042201757431
1,2CNN_pool_fold2_30bp_10000seqs,test,0.6309862348196092,0.9442135200175016,0.7296987193722703,2000,2CNN_pool,10000,30,2,0.0624004461169242,2263,623.042201757431
0,2CNN_pool_fold3_50bp_10000seqs,train,0.8064311660450035,0.9971066292230448,0.8853117634931268,8000,2CNN_pool,10000,50,3,0.0442467845678329,2035,523.9818449020386
1,2CNN_pool_fold3_50bp_10000seqs,test,0.7080200501253132,0.9945550450910328,0.8103008151421839,2000,2CNN_pool,10000,50,3,0.0442467845678329,2035,523.9818449020386
0,2CNN_pool_fold3_20bp_10000seqs,train,0.7143280959390226,0.993335042296847,0.8140959476332279,8000,2CNN_pool,10000,20,3,0.0450923636853694,4959,1048.9414920806885
1,2CNN_pool_fold3_20bp_10000seqs,test,0.6946008199146275,0.964834125735697,0.7908388511986263,2000,2CNN_pool,10000,20,3,0.0450923636853694,4959,1048.9414920806885
0,2CNN_pool_fold3_20bp_2000seqs,train,0.7730434782608695,0.9942084942084942,0.8584712755598831,1600,2CNN_pool,2000,20,3,0.1254940458014607,2030,112.4196276664734
1,2CNN_pool_fold3_20bp_2000seqs,test,0.6278659611992945,0.8221936589545843,0.6801477618426771,400,2CNN_pool,2000,20,3,0.1254940458014607,2030,112.4196276664734
0,2CNN_pool_fold3_100bp_6000seqs,train,0.8115773115773116,0.9940811318030892,0.8871326328612761,2412,2CNN_pool,6000,100,3,0.3330877427233765,1447,125.14884424209596
1,2CNN_pool_fold3_100bp_6000seqs,test,0.364113005474262,0.3687729993958368,0.3660635679119606,604,2CNN_pool,6000,100,3,0.3330877427233765,1447,125.14884424209596
0,2CNN_pool_fold4_60bp_2000seqs,train,0.7811671087533156,0.995667870036101,0.8668278357854771,1422,2CNN_pool,2000,60,4,0.2874415585499131,1334,73.15406012535095
1,2CNN_pool_fold4_60bp_2000seqs,test,0.3588003933136676,0.3846301633045149,0.3661159701976028,356,2CNN_pool,2000,60,4,0.2874415585499131,1334,73.15406012535095
0,2CNN_pool_fold2_80bp_6000seqs,train,0.9235845040442742,0.9985574789169996,0.9584192794258812,3103,2CNN_pool,6000,80,2,0.108044635845329,2004,211.032719373703
1,2CNN_pool_fold2_80bp_6000seqs,test,0.6617777777777778,0.6698874435225965,0.6656615247954355,776,2CNN_pool,6000,80,2,0.108044635845329,2004,211.032719373703
0,2CNN_pool_fold4_30bp_6000seqs,train,0.6689368431792674,0.9918196044956608,0.7718308812402931,4800,2CNN_pool,6000,30,4,0.0674387774864832,2247,382.9319977760315
1,2CNN_pool_fold4_30bp_6000seqs,test,0.666374269005848,0.9712831332362152,0.7554027574027362,1200,2CNN_pool,6000,30,4,0.0674387774864832,2247,382.9319977760315
0,2CNN_pool_fold0_90bp_6000seqs,train,0.9277883196289268,0.9982233155664888,0.9599942397535828,2539,2CNN_pool,6000,90,0,0.2371561777403974,2316,190.23934650421145
1,2CNN_pool_fold0_90bp_6000seqs,test,0.4692754054456181,0.4597029564242679,0.4642693773128555,635,2CNN_pool,6000,90,0,0.2371561777403974,2316,190.23934650421145
0,2CNN_pool_fold2_20bp_2000seqs,train,0.6503882915173237,0.9877734877734876,0.7546361199541783,1600,2CNN_pool,2000,20,2,0.1759027702361345,1267,80.19693160057068
1,2CNN_pool_fold2_20bp_2000seqs,test,0.3818528290823805,0.4607663116660546,0.402048611111111,400,2CNN_pool,2000,20,2,0.1759027702361345,1267,80.19693160057068
0,2CNN_pool_fold2_140bp_10000seqs,train,0.9730443974630022,0.9995297595055757,0.9859532562464524,5129,2CNN_pool,10000,140,2,0.2417875679627399,2523,433.38796162605286
1,2CNN_pool_fold2_140bp_10000seqs,test,0.4109429296979417,0.4022794422875003,0.4062335187737118,1283,2CNN_pool,10000,140,2,0.2417875679627399,2523,433.38796162605286
0,2CNN_pool_fold3_40bp_10000seqs,train,0.7606792920491072,0.9957875925453152,0.8487294763166243,8000,2CNN_pool,10000,40,3,0.0577737954854965,2362,626.9911205768585
1,2CNN_pool_fold3_40bp_10000seqs,test,0.6455786155798436,0.930047667688117,0.7361740049659513,2000,2CNN_pool,10000,40,3,0.0577737954854965,2362,626.9911205768585
0,2CNN_pool_fold0_140bp_10000seqs,train,0.7579545014145642,0.9935509875050382,0.8486569326611861,5129,2CNN_pool,10000,140,0,0.2190671220642463,860,196.15091848373413
1,2CNN_pool_fold0_140bp_10000seqs,test,0.3666079102874026,0.3546760921055845,0.3574258115219705,1283,2CNN_pool,10000,140,0,0.2190671220642463,860,196.15091848373413
0,2CNN_pool_fold0_70bp_2000seqs,train,0.8412698412698413,0.9967524936209696,0.9077250235144972,1479,2CNN_pool,2000,70,0,0.1654293853688884,968,59.6987190246582
1,2CNN_pool_fold0_70bp_2000seqs,test,0.5268698060941829,0.4715479506565858,0.4944444444444444,370,2CNN_pool,2000,70,0,0.1654293853688884,968,59.6987190246582
0,2CNN_pool_fold3_100bp_2000seqs,train,0.7541050903119868,0.992161254199328,0.8451080684083516,929,2CNN_pool,2000,100,3,0.3894649554731508,558,28.692312955856323
1,2CNN_pool_fold3_100bp_2000seqs,test,0.320754716981132,0.3035714285714285,0.3119266055045872,233,2CNN_pool,2000,100,3,0.3894649554731508,558,28.692312955856323
0,2CNN_pool_fold0_120bp_2000seqs,train,0.9075224292615596,0.99783315276273,0.9486738090285,961,2CNN_pool,2000,120,0,0.3531220900319918,893,38.69461727142334
1,2CNN_pool_fold0_120bp_2000seqs,test,0.3772946859903381,0.3856321839080459,0.3809523809523809,241,2CNN_pool,2000,120,0,0.3531220900319918,893,38.69461727142334
0,2CNN_pool_fold3_60bp_2000seqs,train,0.7757885763000852,0.9951865222623344,0.8611560044893377,1422,2CNN_pool,2000,60,3,0.2366972954085703,1116,64.70433235168457
1,2CNN_pool_fold3_60bp_2000seqs,test,0.3246124031007751,0.3218059558117195,0.3232030873130728,356,2CNN_pool,2000,60,3,0.2366972954085703,1116,64.70433235168457
0,2CNN_pool_fold3_70bp_10000seqs,train,0.8634646962233169,0.9974293059125964,0.922523569280946,6011,2CNN_pool,10000,70,3,0.05451780166762,1713,341.77211809158325
1,2CNN_pool_fold3_70bp_10000seqs,test,0.7436285913013382,0.9523931916838017,0.8226349355883035,1503,2CNN_pool,10000,70,3,0.05451780166762,1713,341.77211809158325
0,2CNN_pool_fold3_120bp_10000seqs,train,0.977777777777778,0.9995363931386184,0.9884355767115812,4495,2CNN_pool,10000,120,3,0.1467826594449447,2955,428.20783591270447
1,2CNN_pool_fold3_120bp_10000seqs,test,0.5959194533131686,0.5789434661723818,0.5854755661326693,1124,2CNN_pool,10000,120,3,0.1467826594449447,2955,428.20783591270447
0,2CNN_pool_fold3_90bp_10000seqs,train,0.9223677278542936,0.998390032199356,0.9572981338592332,4928,2CNN_pool,10000,90,3,0.1282813043030702,2392,380.1550107002258
1,2CNN_pool_fold3_90bp_10000seqs,test,0.6834035600055626,0.7903684197135079,0.7278490740029201,1233,2CNN_pool,10000,90,3,0.1282813043030702,2392,380.1550107002258
0,2CNN_pool_fold3_60bp_6000seqs,train,0.8890881147540983,0.9982060481804202,0.9376114369592876,4006,2CNN_pool,6000,60,3,0.1206773663843106,2405,308.9975111484528
1,2CNN_pool_fold3_60bp_6000seqs,test,0.5620600428164516,0.6310336976320583,0.5900681981269035,1002,2CNN_pool,6000,60,3,0.1206773663843106,2405,308.9975111484528
0,2CNN_pool_fold1_130bp_10000seqs,train,0.9224184055644732,0.9982573539662624,0.9577990932516934,4965,2CNN_pool,10000,130,1,0.2040080916670401,2250,370.0785131454468
1,2CNN_pool_fold1_130bp_10000seqs,test,0.5310992575031692,0.5571906354515049,0.5410521958909056,1242,2CNN_pool,10000,130,1,0.2040080916670401,2250,370.0785131454468
0,2CNN_pool_fold3_80bp_10000seqs,train,0.8665765765765766,0.997137341055855,0.9233062590514272,5175,2CNN_pool,10000,80,3,0.0983218792725175,2658,435.9498517513275
1,2CNN_pool_fold3_80bp_10000seqs,test,0.6945138903237211,0.7875496175815663,0.7353663312584316,1294,2CNN_pool,10000,80,3,0.0983218792725175,2658,435.9498517513275
0,2CNN_pool_fold4_70bp_6000seqs,train,0.8801447308909996,0.9976004173187272,0.9311987207574908,3294,2CNN_pool,6000,70,4,0.1381449772460946,1965,213.3486466407776
1,2CNN_pool_fold4_70bp_6000seqs,test,0.571127736215018,0.5415851010344127,0.5543485804463998,824,2CNN_pool,6000,70,4,0.1381449772460946,1965,213.3486466407776
0,2CNN_pool_fold0_110bp_6000seqs,train,0.8991935483870969,0.9975806451612904,0.944115316829599,2580,2CNN_pool,6000,110,0,0.2890514891800406,1903,173.5622386932373
1,2CNN_pool_fold0_110bp_6000seqs,test,0.4363469059121233,0.4294182519988972,0.4315737748803649,645,2CNN_pool,6000,110,0,0.2890514891800406,1903,173.5622386932373
0,2CNN_pool_fold4_100bp_6000seqs,train,0.8242498469075321,0.9946585823588856,0.8955462026787918,2412,2CNN_pool,6000,100,4,0.3066481829479041,1241,112.74409604072572
1,2CNN_pool_fold4_100bp_6000seqs,test,0.4053268017123439,0.3977728346240456,0.4012273051674834,604,2CNN_pool,6000,100,4,0.3066481829479041,1241,112.74409604072572
0,2CNN_pool_fold0_60bp_2000seqs,train,0.7893772893772893,0.9959085439229844,0.8726186420076383,1422,2CNN_pool,2000,60,0,0.1986820503567042,1360,74.24474620819092
1,2CNN_pool_fold0_60bp_2000seqs,test,0.3625958319835871,0.4051392891450527,0.3749535488665923,356,2CNN_pool,2000,60,0,0.1986820503567042,1360,74.24474620819092
0,2CNN_pool_fold2_70bp_6000seqs,train,0.7106753812636165,0.9920709441836202,0.8111974180412477,3294,2CNN_pool,6000,70,2,0.1843755717922761,1008,130.21009159088135
1,2CNN_pool_fold2_70bp_6000seqs,test,0.4566640553152355,0.5302193981793482,0.4839159244331658,824,2CNN_pool,6000,70,2,0.1843755717922761,1008,130.21009159088135
0,2CNN_pool_fold2_40bp_6000seqs,train,0.8061759029500966,0.9970225435984688,0.8833500684323327,4800,2CNN_pool,6000,40,2,0.0968626933917403,2495,408.34136748313904
1,2CNN_pool_fold2_40bp_6000seqs,test,0.5913774054513447,0.7808019639934534,0.6571571571571572,1200,2CNN_pool,6000,40,2,0.0968626933917403,2495,408.34136748313904
0,2CNN_pool_fold0_40bp_2000seqs,train,0.9695767195767196,0.9995715509854328,0.9842012221433444,1600,2CNN_pool,2000,40,0,0.1318973342329263,3633,195.0124764442444
1,2CNN_pool_fold0_40bp_2000seqs,test,0.5781786941580757,0.6011445709389154,0.5888674388674389,400,2CNN_pool,2000,40,0,0.1318973342329263,3633,195.0124764442444
0,2CNN_pool_fold4_90bp_6000seqs,train,0.8510928961748633,0.9960366270329368,0.9140237778307484,2539,2CNN_pool,6000,90,4,0.2304853854686256,1472,132.3803355693817
1,2CNN_pool_fold4_90bp_6000seqs,test,0.4565480664829199,0.4308813226846014,0.4409334674040555,635,2CNN_pool,6000,90,4,0.2304853854686256,1472,132.3803355693817
0,2CNN_pool_fold1_30bp_2000seqs,train,0.6312925170068028,0.9899765408402644,0.7394305341479043,1600,2CNN_pool,2000,30,1,0.2094412752985954,764,61.28130078315735
1,2CNN_pool_fold1_30bp_2000seqs,test,0.5076115485564304,0.7047314578005115,0.5682963553429875,400,2CNN_pool,2000,30,1,0.2094412752985954,764,61.28130078315735
0,2CNN_pool_fold2_100bp_2000seqs,train,1.0,1.0,1.0,929,2CNN_pool,2000,100,2,0.2528589124843286,1257,48.26806855201721
1,2CNN_pool_fold2_100bp_2000seqs,test,0.4326970141948115,0.4092261904761904,0.4189631506704677,233,2CNN_pool,2000,100,2,0.2528589124843286,1257,48.26806855201721
0,2CNN_pool_fold4_40bp_6000seqs,train,0.7222222222222223,0.9950375726641146,0.8220615820674463,4800,2CNN_pool,6000,40,4,0.1208768292268117,1693,297.56234765052795
1,2CNN_pool_fold4_40bp_6000seqs,test,0.5657216494845362,0.6491743953446081,0.5910233876458758,1200,2CNN_pool,6000,40,4,0.1208768292268117,1693,297.56234765052795
0,2CNN_pool_fold1_20bp_6000seqs,train,0.730952380952381,0.9945949790199844,0.8286882513833067,4800,2CNN_pool,6000,20,1,0.1253711964686711,2450,378.5488436222077
1,2CNN_pool_fold1_20bp_6000seqs,test,0.5455733743409491,0.8005546075085324,0.6217532467532466,1200,2CNN_pool,6000,20,1,0.1253711964686711,2450,378.5488436222077
0,2CNN_pool_fold2_120bp_10000seqs,train,0.9441687344913152,0.9987637150363158,0.9698562556285494,4495,2CNN_pool,10000,120,2,0.2497808426300402,3267,467.3073329925537
1,2CNN_pool_fold2_120bp_10000seqs,test,0.4542552632207804,0.4640006178560394,0.4583729324928614,1124,2CNN_pool,10000,120,2,0.2497808426300402,3267,467.3073329925537
0,2CNN_pool_fold0_100bp_10000seqs,train,0.8420633022402934,0.9960093366463368,0.9081424881464992,4598,2CNN_pool,10000,100,0,0.1317840657156446,1542,250.41793990135196
1,2CNN_pool_fold0_100bp_10000seqs,test,0.6088145018596758,0.7461051542882579,0.6614059791924181,1150,2CNN_pool,10000,100,0,0.1317840657156446,1542,250.41793990135196
0,2CNN_pool_fold0_110bp_10000seqs,train,0.8648851148851149,0.9960765473616784,0.92086903748409,4337,2CNN_pool,10000,110,0,0.1860963962937829,2252,322.7372350692749
1,2CNN_pool_fold0_110bp_10000seqs,test,0.5323449051751848,0.5588776817162985,0.5443474689143601,1085,2CNN_pool,10000,110,0,0.1860963962937829,2252,322.7372350692749
0,2CNN_pool_fold0_80bp_2000seqs,train,0.8197101449275362,0.996092575894199,0.8937712035718679,1144,2CNN_pool,2000,80,0,0.2633451925707863,719,38.15713834762573
1,2CNN_pool_fold0_80bp_2000seqs,test,0.3915764139590854,0.4070743405275779,0.3983983983983984,286,2CNN_pool,2000,80,0,0.2633451925707863,719,38.15713834762573
0,2CNN_pool_fold1_130bp_6000seqs,train,0.951007326007326,0.999079507536532,0.974061803323291,2997,2CNN_pool,6000,130,1,0.3289210833708445,2155,222.15238428115845
1,2CNN_pool_fold1_130bp_6000seqs,test,0.3218390804597701,0.3218390804597701,0.3218390804597701,750,2CNN_pool,6000,130,1,0.3289210833708445,2155,222.15238428115845
0,2CNN_pool_fold4_140bp_6000seqs,train,0.9743494882229622,0.9995828118481436,0.9867143522309458,3296,2CNN_pool,6000,140,4,0.2976555217147776,1594,192.50091981887817
1,2CNN_pool_fold4_140bp_6000seqs,test,0.3230579531442663,0.3275,0.3252638112973308,825,2CNN_pool,6000,140,4,0.2976555217147776,1594,192.50091981887817
0,2CNN_pool_fold1_80bp_10000seqs,train,0.9325337902151152,0.9986685307236536,0.9632306291405364,5175,2CNN_pool,10000,80,1,0.0930967336719196,3198,501.2951993942261
1,2CNN_pool_fold1_80bp_10000seqs,test,0.6786547796863331,0.8031513215219285,0.7305507660603426,1294,2CNN_pool,10000,80,1,0.0930967336719196,3198,501.2951993942261
0,2CNN_pool_fold1_30bp_10000seqs,train,0.7199346405228758,0.9945982731487388,0.8163769120898516,8000,2CNN_pool,10000,30,1,0.0509071757793426,3872,986.0208373069764
1,2CNN_pool_fold1_30bp_10000seqs,test,0.6862378996525337,0.978001409854396,0.786831568097532,2000,2CNN_pool,10000,30,1,0.0509071757793426,3872,986.0208373069764
0,2CNN_pool_fold2_50bp_6000seqs,train,0.8686791814645697,0.9980851063829786,0.9237187804366008,4800,2CNN_pool,6000,50,2,0.0728633365345498,3356,491.8333039283752
1,2CNN_pool_fold2_50bp_6000seqs,test,0.7493363946369062,0.7596999454446264,0.7522831429259815,1200,2CNN_pool,6000,50,2,0.0728633365345498,3356,491.8333039283752
0,2CNN_pool_fold0_120bp_10000seqs,train,0.8900654269972451,0.9972183588317108,0.9386805562398894,4495,2CNN_pool,10000,120,0,0.1774166548803607,1829,290.5635714530945
1,2CNN_pool_fold0_120bp_10000seqs,test,0.5601112644282367,0.5985696632684584,0.5733433879684462,1124,2CNN_pool,10000,120,0,0.1774166548803607,1829,290.5635714530945
0,2CNN_pool_fold1_40bp_10000seqs,train,0.8022030651340998,0.997021530082546,0.8823718544077578,8000,2CNN_pool,10000,40,1,0.0597943657636642,2937,752.9917171001434
1,2CNN_pool_fold1_40bp_10000seqs,test,0.6626121926955286,0.8997616615594143,0.7485874633415618,2000,2CNN_pool,10000,40,1,0.0597943657636642,2937,752.9917171001434
0,2CNN_pool_fold2_150bp_2000seqs,train,0.7969730527870063,0.9914926527455532,0.8723683301015378,904,2CNN_pool,2000,150,2,0.3659038258864816,536,29.5169358253479
1,2CNN_pool_fold2_150bp_2000seqs,test,0.3176100628930817,0.3117283950617284,0.3146417445482866,226,2CNN_pool,2000,150,2,0.3659038258864816,536,29.5169358253479
0,2CNN_pool_fold0_50bp_10000seqs,train,0.8942798774259448,0.9985958641817718,0.9408751330269792,8000,2CNN_pool,10000,50,0,0.0398311383724212,3011,718.1990149021149
1,2CNN_pool_fold0_50bp_10000seqs,test,0.7104216936688498,0.9307797953280342,0.7943673980739158,2000,2CNN_pool,10000,50,0,0.0398311383724212,3011,718.1990149021149
0,2CNN_pool_fold4_130bp_10000seqs,train,0.846816714282396,0.996026767043078,0.9072292603152972,4965,2CNN_pool,10000,130,4,0.2228936430624717,1017,204.8453712463379
1,2CNN_pool_fold4_130bp_10000seqs,test,0.4392048054919908,0.4210144927536232,0.42812022334094,1242,2CNN_pool,10000,130,4,0.2228936430624717,1017,204.8453712463379
0,2CNN_pool_fold4_90bp_10000seqs,train,0.9959349593495936,0.999930001399972,0.997920007249696,4928,2CNN_pool,10000,90,4,0.0881391275018477,2906,447.7336859703064
1,2CNN_pool_fold4_90bp_10000seqs,test,0.7024259751373352,0.7723507111416431,0.7307333767510759,1233,2CNN_pool,10000,90,4,0.0881391275018477,2906,447.7336859703064
0,2CNN_pool_fold4_140bp_2000seqs,train,0.7174074074074075,0.9907786885245904,0.8123357564867,1010,2CNN_pool,2000,140,4,0.2475423754557319,472,27.47504830360413
1,2CNN_pool_fold4_140bp_2000seqs,test,0.4335600907029478,0.407103825136612,0.4183464796961729,253,2CNN_pool,2000,140,4,0.2475423754557319,472,27.47504830360413
0,2CNN_pool_fold2_60bp_10000seqs,train,0.910501700680272,0.9987105093488072,0.9512855977775172,6889,2CNN_pool,10000,60,2,0.0543783549803135,3009,619.4168169498444
1,2CNN_pool_fold2_60bp_10000seqs,test,0.7775380273934888,0.8875380815892416,0.8259949540164402,1723,2CNN_pool,10000,60,2,0.0543783549803135,3009,619.4168169498444
0,2CNN_pool_fold3_60bp_10000seqs,train,0.9773158568339292,0.9997024252343402,0.9882954688199304,6889,2CNN_pool,10000,60,3,0.0305805392390375,4952,886.0730249881744
1,2CNN_pool_fold3_60bp_10000seqs,test,0.8404512965916475,0.9476204640095182,0.8887376168915088,1723,2CNN_pool,10000,60,3,0.0305805392390375,4952,886.0730249881744
0,2CNN_pool_fold2_140bp_2000seqs,train,0.7976588628762542,0.994877049180328,0.8776512468333914,1010,2CNN_pool,2000,140,2,0.3538915247549652,320,22.97898411750793
1,2CNN_pool_fold2_140bp_2000seqs,test,0.3209366391184573,0.3183060109289617,0.3196159122085048,253,2CNN_pool,2000,140,2,0.3538915247549652,320,22.97898411750793
0,2CNN_pool_fold0_70bp_10000seqs,train,0.8650413223140495,0.9974293059125964,0.9235954287323622,6011,2CNN_pool,10000,70,0,0.0682354169245251,1780,352.1756362915039
1,2CNN_pool_fold0_70bp_10000seqs,test,0.6796164578340925,0.8785717005559363,0.7550965401587808,1503,2CNN_pool,10000,70,0,0.0682354169245251,1780,352.1756362915039
0,2CNN_pool_fold2_80bp_2000seqs,train,0.890909090909091,0.9978960024045688,0.9386657682022962,1144,2CNN_pool,2000,80,2,0.3118221547741156,1289,55.81594920158386
1,2CNN_pool_fold2_80bp_2000seqs,test,0.3237410071942446,0.3237410071942446,0.3237410071942446,286,2CNN_pool,2000,80,2,0.3118221547741156,1289,55.81594920158386
0,2CNN_pool_fold2_100bp_6000seqs,train,0.9770114942528736,0.9994225494442038,0.9878062625136748,2412,2CNN_pool,6000,100,2,0.2591976651687496,3325,245.84224653244016
1,2CNN_pool_fold2_100bp_6000seqs,test,0.4541095890410958,0.4272807162080518,0.4385942036544446,604,2CNN_pool,6000,100,2,0.2591976651687496,3325,245.84224653244016
0,2CNN_pool_fold1_20bp_2000seqs,train,0.7044932079414838,0.991848991848992,0.8057429250319775,1600,2CNN_pool,2000,20,1,0.1823146304488182,1610,93.75679636001588
1,2CNN_pool_fold1_20bp_2000seqs,test,0.4206488810710446,0.5577182029624189,0.4571180555555555,400,2CNN_pool,2000,20,1,0.1823146304488182,1610,93.75679636001588
0,2CNN_pool_fold1_100bp_10000seqs,train,0.9206856169487916,0.99826820269558,0.9569461327220296,4598,2CNN_pool,10000,100,1,0.1130074781179428,2494,366.17139196395874
1,2CNN_pool_fold1_100bp_10000seqs,test,0.7023103433252659,0.8134866396973148,0.7498873348873348,1150,2CNN_pool,10000,100,1,0.1130074781179428,2494,366.17139196395874
0,2CNN_pool_fold2_110bp_2000seqs,train,0.7468982630272952,0.9921400500178637,0.8381948552772848,968,2CNN_pool,2000,110,2,0.2420252996339719,522,28.23170304298401
1,2CNN_pool_fold2_110bp_2000seqs,test,0.3774928774928774,0.3886039886039886,0.3825433825433825,243,2CNN_pool,2000,110,2,0.2420252996339719,522,28.23170304298401
0,2CNN_pool_fold3_120bp_2000seqs,train,0.8503289473684211,0.9953051643192488,0.9099350253505212,961,2CNN_pool,2000,120,3,0.411920538458092,569,29.786715269088745
1,2CNN_pool_fold3_120bp_2000seqs,test,0.3201174743024963,0.3132183908045977,0.3166303558460421,241,2CNN_pool,2000,120,3,0.411920538458092,569,29.786715269088745
0,2CNN_pool_fold2_60bp_6000seqs,train,0.906341374269006,0.9985477532889117,0.9489049746878648,4006,2CNN_pool,6000,60,2,0.1006141993516457,2489,316.2658894062042
1,2CNN_pool_fold2_60bp_6000seqs,test,0.5766591375024946,0.6591530054644809,0.6116001571482786,1002,2CNN_pool,6000,60,2,0.1006141993516457,2489,316.2658894062042
0,2CNN_pool_fold2_120bp_2000seqs,train,0.8437001594896332,0.9949440231130372,0.9048601002749472,961,2CNN_pool,2000,120,2,0.3749829054620751,570,29.710674047470093
1,2CNN_pool_fold2_120bp_2000seqs,test,0.3229629629629629,0.3132183908045977,0.3180160466812545,241,2CNN_pool,2000,120,2,0.3749829054620751,570,29.710674047470093
0,2CNN_pool_fold1_70bp_6000seqs,train,0.928200129954516,0.9987480438184664,0.9613847607957544,3294,2CNN_pool,6000,70,1,0.1369905758251264,2824,288.8116772174835
1,2CNN_pool_fold1_70bp_6000seqs,test,0.5523371884896048,0.4932741781928265,0.5175828737472573,824,2CNN_pool,6000,70,1,0.1369905758251264,2824,288.8116772174835
0,2CNN_pool_fold1_40bp_6000seqs,train,0.8422705314009663,0.9978023536083936,0.9087612237147332,4800,2CNN_pool,6000,40,1,0.0777584378918012,3070,485.6560750007629
1,2CNN_pool_fold1_40bp_6000seqs,test,0.5810245310245311,0.7762447717766867,0.6494550485656201,1200,2CNN_pool,6000,40,1,0.0777584378918012,3070,485.6560750007629
0,2CNN_pool_fold2_50bp_10000seqs,train,0.9282300339192108,0.9991490085950132,0.9616195789175842,8000,2CNN_pool,10000,50,2,0.0254062177240848,2008,514.6162195205688
1,2CNN_pool_fold2_50bp_10000seqs,test,0.866871916513677,0.9157587690512652,0.8848661392812468,2000,2CNN_pool,10000,50,2,0.0254062177240848,2008,514.6162195205688
0,2CNN_pool_fold0_140bp_6000seqs,train,0.9033564814814816,0.9981226533166456,0.9452870787362958,3296,2CNN_pool,6000,140,0,0.2527512613390431,1251,160.4751913547516
1,2CNN_pool_fold0_140bp_6000seqs,test,0.3498532976144916,0.3536111111111111,0.3516874480465503,825,2CNN_pool,6000,140,0,0.2527512613390431,1251,160.4751913547516
0,2CNN_pool_fold1_50bp_10000seqs,train,0.8635718089827801,0.9978299719172836,0.9179437484174938,8000,2CNN_pool,10000,50,1,0.05068939858675,2356,586.1242001056671
1,2CNN_pool_fold1_50bp_10000seqs,test,0.7531053220153258,0.9471061523128904,0.8196018770260611,2000,2CNN_pool,10000,50,1,0.05068939858675,2356,586.1242001056671
0,2CNN_pool_fold3_30bp_6000seqs,train,0.7145251778872468,0.993953620714184,0.8152996444188605,4800,2CNN_pool,6000,30,3,0.0663941665490468,2473,419.83561420440674
1,2CNN_pool_fold3_30bp_6000seqs,test,0.679398148148148,0.8986816474383662,0.7585466570693832,1200,2CNN_pool,6000,30,3,0.0663941665490468,2473,419.83561420440674
0,2CNN_pool_fold3_150bp_2000seqs,train,0.7204633204633204,0.988399071925754,0.814196067861757,904,2CNN_pool,2000,150,3,0.3445046668031574,354,24.32992553710937
1,2CNN_pool_fold3_150bp_2000seqs,test,0.3746708794102159,0.3950617283950617,0.3820452771272444,226,2CNN_pool,2000,150,3,0.3445046668031574,354,24.32992553710937
0,2CNN_pool_fold2_90bp_2000seqs,train,0.7509578544061303,0.9911265432098766,0.8418802329040759,903,2CNN_pool,2000,90,2,0.3542644136247381,1083,42.72504711151123
1,2CNN_pool_fold2_90bp_2000seqs,test,0.3192488262910798,0.3148148148148148,0.317016317016317,226,2CNN_pool,2000,90,2,0.3542644136247381,1083,42.72504711151123
0,2CNN_pool_fold1_100bp_6000seqs,train,0.9747086247086246,0.9994225494442038,0.9867519303438916,2412,2CNN_pool,6000,100,1,0.2280276792728348,2267,177.74145984649658
1,2CNN_pool_fold1_100bp_6000seqs,test,0.4647371147371147,0.4278574174767947,0.4427285755230725,604,2CNN_pool,6000,100,1,0.2280276792728348,2267,177.74145984649658
0,2CNN_pool_fold3_110bp_6000seqs,train,0.8908382066276803,0.9973118279569894,0.9384652871494976,2580,2CNN_pool,6000,110,3,0.2937379321386648,1789,164.80546617507937
1,2CNN_pool_fold3_110bp_6000seqs,test,0.3822168707976212,0.3968017645437,0.3881976015246559,645,2CNN_pool,6000,110,3,0.2937379321386648,1789,164.80546617507937
0,2CNN_pool_fold1_60bp_6000seqs,train,0.855722525804493,0.9975226379634377,0.9177736398851928,4006,2CNN_pool,6000,60,1,0.1073783118865209,2335,301.49935579299927
1,2CNN_pool_fold1_60bp_6000seqs,test,0.6362442202606137,0.6301392141556076,0.6327494434325035,1002,2CNN_pool,6000,60,1,0.1073783118865209,2335,301.49935579299927
0,2CNN_pool_fold3_20bp_6000seqs,train,0.6772469187093201,0.9918213498328712,0.7808146953473548,4800,2CNN_pool,6000,20,3,0.0884877755244573,1672,277.68050599098206
1,2CNN_pool_fold3_20bp_6000seqs,test,0.6276990571211237,0.935343193022374,0.7263028643445978,1200,2CNN_pool,6000,20,3,0.0884877755244573,1672,277.68050599098206
0,2CNN_pool_fold1_150bp_10000seqs,train,0.7888395061728395,0.9945058626465664,0.8714349918873331,5153,2CNN_pool,10000,150,1,0.2951383346791434,769,186.86586570739743
1,2CNN_pool_fold1_150bp_10000seqs,test,0.3924673625827382,0.4066023579849946,0.3986051568611116,1289,2CNN_pool,10000,150,1,0.2951383346791434,769,186.86586570739743
0,2CNN_pool_fold0_80bp_6000seqs,train,0.8630952380952381,0.9970039946737682,0.9207174571327724,3103,2CNN_pool,6000,80,0,0.2056698983477562,1612,178.05845403671265
1,2CNN_pool_fold0_80bp_6000seqs,test,0.4723204899675488,0.4864055902671082,0.4789465993201817,776,2CNN_pool,6000,80,0,0.2056698983477562,1612,178.05845403671265
0,2CNN_pool_fold3_50bp_6000seqs,train,0.8174920969441518,0.9973049645390072,0.8927236020693333,4800,2CNN_pool,6000,50,3,0.0764345327019691,1861,301.4065306186676
1,2CNN_pool_fold3_50bp_6000seqs,test,0.6222802740044119,0.7840734679032552,0.6844634784677611,1200,2CNN_pool,6000,50,3,0.0764345327019691,1861,301.4065306186676
0,2CNN_pool_fold4_120bp_6000seqs,train,0.839167935058346,0.9958599924727136,0.9063816280917923,2760,2CNN_pool,6000,120,4,0.3344229620634733,1967,186.0786633491516
1,2CNN_pool_fold4_120bp_6000seqs,test,0.3806112001696871,0.4199248120300752,0.3929764023585533,691,2CNN_pool,6000,120,4,0.3344229620634733,1967,186.0786633491516
0,2CNN_pool_fold2_30bp_2000seqs,train,0.739288307915759,0.9948816378758796,0.8352436898536189,1600,2CNN_pool,2000,30,2,0.1557588934898376,1448,92.96336197853088
1,2CNN_pool_fold2_30bp_2000seqs,test,0.4614718614718614,0.539769820971867,0.4885643375334096,400,2CNN_pool,2000,30,2,0.1557588934898376,1448,92.96336197853088
0,2CNN_pool_fold4_100bp_2000seqs,train,0.7771836007130125,0.9925345278088838,0.8591503251859244,929,2CNN_pool,2000,100,4,0.3966498264938977,680,32.4904363155365
1,2CNN_pool_fold4_100bp_2000seqs,test,0.3196969696969697,0.3139880952380952,0.3168168168168168,233,2CNN_pool,2000,100,4,0.3966498264938977,680,32.4904363155365
0,2CNN_pool_fold2_90bp_6000seqs,train,0.968409586056645,0.9993166598332652,0.983467503151476,2539,2CNN_pool,6000,90,2,0.3097777766036236,2760,219.85275721549988
1,2CNN_pool_fold2_90bp_6000seqs,test,0.4325589771294795,0.4084699453551912,0.4185198121628439,635,2CNN_pool,6000,90,2,0.3097777766036236,2760,219.85275721549988
0,2CNN_pool_fold2_130bp_2000seqs,train,0.9393939393939394,0.9977973568281938,0.965561694290976,952,2CNN_pool,2000,130,2,0.331672993527741,931,40.14784049987793
1,2CNN_pool_fold2_130bp_2000seqs,test,0.3856321839080459,0.3736102370463603,0.377995642701525,238,2CNN_pool,2000,130,2,0.331672993527741,931,40.14784049987793
0,2CNN_pool_fold1_110bp_2000seqs,train,0.8421717171717172,0.9960700250089316,0.9077794578484868,968,2CNN_pool,2000,110,1,0.2871081793504487,779,35.418460845947266
1,2CNN_pool_fold1_110bp_2000seqs,test,0.3887005649717514,0.3914529914529914,0.3900709219858156,243,2CNN_pool,2000,110,1,0.2871081793504487,779,35.418460845947266
0,2CNN_pool_fold1_70bp_2000seqs,train,0.9686609686609688,0.9995360705172812,0.9837081164870776,1479,2CNN_pool,2000,70,1,0.1840110808610916,2525,122.17335748672484
1,2CNN_pool_fold1_70bp_2000seqs,test,0.6575091575091575,0.4120241411327762,0.4597510373443983,370,2CNN_pool,2000,70,1,0.1840110808610916,2525,122.17335748672484
0,2CNN_pool_fold4_50bp_6000seqs,train,0.9074074074074074,0.9987943262411348,0.948205594717904,4800,2CNN_pool,6000,50,4,0.0721423416336377,3469,505.6333508491516
1,2CNN_pool_fold4_50bp_6000seqs,test,0.6341231767511508,0.7238097835970176,0.6711587708066581,1200,2CNN_pool,6000,50,4,0.0721423416336377,3469,505.6333508491516
0,2CNN_pool_fold1_40bp_2000seqs,train,0.7753623188405797,0.994644387317909,0.8605425166370093,1600,2CNN_pool,2000,40,1,0.1732524138689041,985,70.5087308883667
1,2CNN_pool_fold1_40bp_2000seqs,test,0.4883652430044182,0.5041926796425511,0.4953524953524953,400,2CNN_pool,2000,40,1,0.1732524138689041,985,70.5087308883667
0,2CNN_pool_fold3_110bp_10000seqs,train,0.9919678714859438,0.9998398590759868,0.9958548696491292,4337,2CNN_pool,10000,110,3,0.1379929999052654,2649,368.11667799949646
1,2CNN_pool_fold3_110bp_10000seqs,test,0.6881823315641258,0.7019292347102146,0.6942621920563097,1085,2CNN_pool,10000,110,3,0.1379929999052654,2649,368.11667799949646
0,2CNN_pool_fold0_50bp_6000seqs,train,0.8842440801457195,0.9985106382978725,0.9358526032824508,4800,2CNN_pool,6000,50,0,0.0832793824933469,3171,468.5609488487244
1,2CNN_pool_fold0_50bp_6000seqs,test,0.671963891791478,0.8597108565193672,0.7427941819816964,1200,2CNN_pool,6000,50,0,0.0832793824933469,3171,468.5609488487244
0,2CNN_pool_fold0_120bp_6000seqs,train,0.9206256109481916,0.998243633170242,0.9569002218774502,2760,2CNN_pool,6000,120,0,0.2870170590393622,1344,139.0974898338318
1,2CNN_pool_fold0_120bp_6000seqs,test,0.3491708126036484,0.3515873015873016,0.350374531835206,691,2CNN_pool,6000,120,0,0.2870170590393622,1344,139.0974898338318
0,2CNN_pool_fold2_100bp_10000seqs,train,0.912183055040198,0.9980423160906556,0.9515005446885636,4598,2CNN_pool,10000,100,2,0.1091993317331956,2281,341.5486068725586
1,2CNN_pool_fold2_100bp_10000seqs,test,0.6065568668268765,0.6835977900841811,0.6347091637732032,1150,2CNN_pool,10000,100,2,0.1091993317331956,2281,341.5486068725586
0,2CNN_pool_fold4_150bp_2000seqs,train,0.7467494089834515,0.988785769528229,0.8355345308615328,904,2CNN_pool,2000,150,4,0.392599143285667,496,28.599842309951782
1,2CNN_pool_fold4_150bp_2000seqs,test,0.3173843700159489,0.3070987654320987,0.312156862745098,226,2CNN_pool,2000,150,4,0.392599143285667,496,28.599842309951782
0,2CNN_pool_fold0_30bp_6000seqs,train,0.7513259893920848,0.995234030445298,0.8437418320165051,4800,2CNN_pool,6000,30,0,0.0662283582488695,1714,303.6368930339813
1,2CNN_pool_fold0_30bp_6000seqs,test,0.6859272164150213,0.9454979543767408,0.7729482851102768,1200,2CNN_pool,6000,30,0,0.0662283582488695,1714,303.6368930339813
0,2CNN_pool_fold0_100bp_6000seqs,train,0.968864468864469,0.9992781868052548,0.9836771060587524,2412,2CNN_pool,6000,100,0,0.2687961893365873,2258,176.9898066520691
1,2CNN_pool_fold0_100bp_6000seqs,test,0.4806028477248785,0.4759845114516394,0.4737995720754341,604,2CNN_pool,6000,100,0,0.2687961893365873,2258,176.9898066520691
0,2CNN_pool_fold3_70bp_6000seqs,train,0.838320087268194,0.996661450182577,0.9060619960273938,3294,2CNN_pool,6000,70,3,0.1753253533134182,1546,176.10191130638125
1,2CNN_pool_fold3_70bp_6000seqs,test,0.5282120395327943,0.5728528181594514,0.548027324689809,824,2CNN_pool,6000,70,3,0.1753253533134182,1546,176.10191130638125
0,2CNN_pool_fold1_140bp_2000seqs,train,0.7127976190476191,0.991120218579235,0.8119778752622544,1010,2CNN_pool,2000,140,1,0.2478634251554021,296,22.48572897911072
1,2CNN_pool_fold1_140bp_2000seqs,test,0.3224043715846994,0.3224043715846994,0.3224043715846994,253,2CNN_pool,2000,140,1,0.2478634251554021,296,22.48572897911072
0,2CNN_pool_fold2_150bp_10000seqs,train,0.87007917007917,0.9971189279731996,0.9255064938537068,5153,2CNN_pool,10000,150,2,0.3021054326956174,1604,309.40121245384216
1,2CNN_pool_fold2_150bp_10000seqs,test,0.3899161530345938,0.3790139335476956,0.3827236670267276,1289,2CNN_pool,10000,150,2,0.3021054326956174,1604,309.40121245384216
0,2CNN_pool_fold4_70bp_10000seqs,train,0.8911799436824417,0.9980576978006284,0.9395201576060168,6011,2CNN_pool,10000,70,4,0.0595221693564952,2414,448.3019576072693
1,2CNN_pool_fold4_70bp_10000seqs,test,0.7174680731695772,0.8637327697814333,0.7783065166134175,1503,2CNN_pool,10000,70,4,0.0595221693564952,2414,448.3019576072693
0,2CNN_pool_fold4_50bp_2000seqs,train,0.6352339181286549,0.989963698483878,0.7438228979692395,1600,2CNN_pool,2000,50,4,0.1979152132570743,807,57.256139039993286
1,2CNN_pool_fold4_50bp_2000seqs,test,0.4013310185185185,0.4547314578005115,0.4195391705069125,400,2CNN_pool,2000,50,4,0.1979152132570743,807,57.256139039993286
0,2CNN_pool_fold1_110bp_6000seqs,train,0.951007326007326,0.9989247311827958,0.9739841829516848,2580,2CNN_pool,6000,110,1,0.2572663169209809,2197,195.68991613388064
1,2CNN_pool_fold1_110bp_6000seqs,test,0.4924632947140986,0.4865867107802592,0.4868416607547042,645,2CNN_pool,6000,110,1,0.2572663169209809,2197,195.68991613388064
0,2CNN_pool_fold0_80bp_10000seqs,train,0.8883985485927234,0.997736502230211,0.9375039466497276,5175,2CNN_pool,10000,80,0,0.0869489065688132,1834,317.03000020980835
1,2CNN_pool_fold0_80bp_10000seqs,test,0.7172957570385975,0.8335366443992642,0.767377734610155,1294,2CNN_pool,10000,80,0,0.0869489065688132,1834,317.03000020980835
0,2CNN_pool_fold1_140bp_10000seqs,train,0.773066424021838,0.9936181647185276,0.8563737985844053,5129,2CNN_pool,10000,140,1,0.298093456795275,841,192.6157944202423
1,2CNN_pool_fold1_140bp_10000seqs,test,0.3850744416873449,0.4105230386052304,0.3924159967017109,1283,2CNN_pool,10000,140,1,0.298093456795275,841,192.6157944202423
0,2CNN_pool_fold1_60bp_10000seqs,train,0.9646849593495936,0.9995040420572336,0.98131340401256,6889,2CNN_pool,10000,60,1,0.0498814087196778,3590,726.072482585907
1,2CNN_pool_fold1_60bp_10000seqs,test,0.7726165160375685,0.8358246354082167,0.7944450231671416,1723,2CNN_pool,10000,60,1,0.0498814087196778,3590,726.072482585907
0,2CNN_pool_fold1_50bp_6000seqs,train,0.8223223223223223,0.9973758865248228,0.8956827583751648,4800,2CNN_pool,6000,50,1,0.079047350200514,1380,240.71314239501956
1,2CNN_pool_fold1_50bp_6000seqs,test,0.6089492207139265,0.6703909801782143,0.6358777540867092,1200,2CNN_pool,6000,50,1,0.079047350200514,1380,240.71314239501956
0,2CNN_pool_fold0_90bp_2000seqs,train,0.9382716049382716,0.9980709876543208,0.9650190894697982,903,2CNN_pool,2000,90,0,0.4365228625525415,1614,56.51835083961487
1,2CNN_pool_fold0_90bp_2000seqs,test,0.3180428134556575,0.3209876543209876,0.3195084485407066,226,2CNN_pool,2000,90,0,0.4365228625525415,1614,56.51835083961487
0,2CNN_pool_fold1_90bp_10000seqs,train,0.9011994949494948,0.997970040599188,0.94539076008794,4928,2CNN_pool,10000,90,1,0.1397389453342554,1827,308.00770473480225
1,2CNN_pool_fold1_90bp_10000seqs,test,0.6149504834112082,0.601418466783706,0.6076588092924955,1233,2CNN_pool,10000,90,1,0.1397389453342554,1827,308.00770473480225
0,2CNN_pool_fold0_150bp_2000seqs,train,0.638001638001638,0.9806651198762568,0.7415870171246516,904,2CNN_pool,2000,150,0,0.4459300204715897,279,22.238471508026123
1,2CNN_pool_fold0_150bp_2000seqs,test,0.3170731707317073,0.3009259259259259,0.3087885985748219,226,2CNN_pool,2000,150,0,0.4459300204715897,279,22.238471508026123
0,2CNN_pool_fold0_70bp_6000seqs,train,0.8436507936507937,0.9967657798643716,0.9091803072659506,3294,2CNN_pool,6000,70,0,0.1675723282963905,1732,194.5239384174347
1,2CNN_pool_fold0_70bp_6000seqs,test,0.4787959583285806,0.4848287924007573,0.4797410192147033,824,2CNN_pool,6000,70,0,0.1675723282963905,1732,194.5239384174347
0,2CNN_pool_fold2_40bp_10000seqs,train,0.8258235516849678,0.9971066292230448,0.8921497021497022,8000,2CNN_pool,10000,40,2,0.0644271118640899,2929,753.6746733188629
1,2CNN_pool_fold2_40bp_10000seqs,test,0.6856681051516732,0.9271876064010895,0.7602293906810035,2000,2CNN_pool,10000,40,2,0.0644271118640899,2929,753.6746733188629
0,2CNN_pool_fold2_110bp_10000seqs,train,0.8821396993810787,0.9965569701337176,0.9310583586618462,4337,2CNN_pool,10000,110,2,0.2194009353625609,1638,248.8042175769806
1,2CNN_pool_fold2_110bp_10000seqs,test,0.5373621906924405,0.5696685878962535,0.5522163070888204,1085,2CNN_pool,10000,110,2,0.2194009353625609,1638,248.8042175769806
0,2CNN_pool_fold2_80bp_10000seqs,train,0.9054166666666666,0.998135943013115,0.947681123648282,5175,2CNN_pool,10000,80,2,0.1066617489874455,2046,350.50595474243164
1,2CNN_pool_fold2_80bp_10000seqs,test,0.6629032258064517,0.7521686513699294,0.7016983221689346,1294,2CNN_pool,10000,80,2,0.1066617489874455,2046,350.50595474243164
0,2CNN_pool_fold4_90bp_2000seqs,train,0.8760233918128656,0.996141975308642,0.9282591896095972,903,2CNN_pool,2000,90,4,0.3741683411387215,1409,51.063297510147095
1,2CNN_pool_fold4_90bp_2000seqs,test,0.3668014375561545,0.3688271604938271,0.3674814282290917,226,2CNN_pool,2000,90,4,0.3741683411387215,1409,51.063297510147095
0,2CNN_pool_fold4_130bp_2000seqs,train,0.7514893617021278,0.9897209985315712,0.8411978613320895,952,2CNN_pool,2000,130,4,0.3902931230909684,497,27.90650701522827
1,2CNN_pool_fold4_130bp_2000seqs,test,0.343753658822152,0.3545206628907069,0.3457399103139014,238,2CNN_pool,2000,130,4,0.3902931230909684,497,27.90650701522827
0,2CNN_pool_fold4_110bp_6000seqs,train,0.8600327600327601,0.9961021505376344,0.9174755107665268,2580,2CNN_pool,6000,110,4,0.3012065427709919,1051,112.11867594718932
1,2CNN_pool_fold4_110bp_6000seqs,test,0.320695102685624,0.3274193548387097,0.3240223463687151,645,2CNN_pool,6000,110,4,0.3012065427709919,1051,112.11867594718932
0,2CNN_pool_fold3_140bp_2000seqs,train,0.7820910973084886,0.9941939890710382,0.8655900086132644,1010,2CNN_pool,2000,140,3,0.2953717821671557,391,25.167184829711918
1,2CNN_pool_fold3_140bp_2000seqs,test,0.3211382113821138,0.3237704918032787,0.3224489795918367,253,2CNN_pool,2000,140,3,0.2953717821671557,391,25.167184829711918
0,2CNN_pool_fold4_40bp_10000seqs,train,0.7595048629531389,0.9959152412560632,0.8503824471950093,8000,2CNN_pool,10000,40,4,0.0564294139742851,2344,624.7636778354645
1,2CNN_pool_fold4_40bp_10000seqs,test,0.6620810638090764,0.946220633299285,0.7596692391475974,2000,2CNN_pool,10000,40,4,0.0564294139742851,2344,624.7636778354645
0,2CNN_pool_fold0_50bp_2000seqs,train,0.6833333333333332,0.992526158445441,0.7883354058469266,1600,2CNN_pool,2000,50,0,0.1993907704949379,1187,77.19427537918091
1,2CNN_pool_fold0_50bp_2000seqs,test,0.3634439634439634,0.3880647911338448,0.3715022091310751,400,2CNN_pool,2000,50,0,0.1993907704949379,1187,77.19427537918091
0,2CNN_pool_fold0_30bp_10000seqs,train,0.7418546365914788,0.9956190719237804,0.8377283941697783,8000,2CNN_pool,10000,30,0,0.0691242588162422,2263,624.8664450645447
1,2CNN_pool_fold0_30bp_10000seqs,test,0.660409056942942,0.8650198108850482,0.7373149099767803,2000,2CNN_pool,10000,30,0,0.0691242588162422,2263,624.8664450645447
0,2CNN_pool_fold0_150bp_6000seqs,train,0.620863810518983,0.9841376228775692,0.7253408345162468,3090,2CNN_pool,6000,150,0,0.3270785704081611,587,98.9765453338623
1,2CNN_pool_fold0_150bp_6000seqs,test,0.3373015873015872,0.3358951444742329,0.3360219106487763,773,2CNN_pool,6000,150,0,0.3270785704081611,587,98.9765453338623
0,2CNN_pool_fold0_130bp_6000seqs,train,0.7381398702235039,0.9921758140605224,0.8304201819364687,2997,2CNN_pool,6000,130,0,0.3433329297701518,1010,127.09668326377869
1,2CNN_pool_fold0_130bp_6000seqs,test,0.3360020258687861,0.34455938697318,0.3379436460104054,750,2CNN_pool,6000,130,0,0.3433329297701518,1010,127.09668326377869
0,2CNN_pool_fold3_130bp_6000seqs,train,0.6147486772486772,0.9841215050051778,0.7204560009024567,2997,2CNN_pool,6000,130,3,0.3943657653331756,723,101.75090265274048
1,2CNN_pool_fold3_130bp_6000seqs,test,0.3221737020863658,0.305287356321839,0.3135033050047214,750,2CNN_pool,6000,130,3,0.3943657653331756,723,101.75090265274048
0,2CNN_pool_fold3_50bp_2000seqs,train,0.6537037037037038,0.9910313901345292,0.7615298294121161,1600,2CNN_pool,2000,50,3,0.2124727016687393,842,59.63196611404419
1,2CNN_pool_fold3_50bp_2000seqs,test,0.3939077458659704,0.4538789428815004,0.4127476313522825,400,2CNN_pool,2000,50,3,0.2124727016687393,842,59.63196611404419
0,2CNN_pool_fold3_100bp_10000seqs,train,0.959300451321728,0.9991717491152776,0.9785322764920028,4598,2CNN_pool,10000,100,3,0.1058441306845001,1828,284.4005506038666
1,2CNN_pool_fold3_100bp_10000seqs,test,0.7544775485951957,0.6085830616760274,0.665142222421931,1150,2CNN_pool,10000,100,3,0.1058441306845001,1828,284.4005506038666
0,2CNN_pool_fold0_110bp_2000seqs,train,0.7916666666666666,0.9942836727402644,0.8735398813447594,968,2CNN_pool,2000,110,0,0.2291936784860038,584,29.79321265220642
1,2CNN_pool_fold0_110bp_2000seqs,test,0.3206751054852321,0.3247863247863248,0.3227176220806794,243,2CNN_pool,2000,110,0,0.2291936784860038,584,29.79321265220642
0,2CNN_pool_fold1_120bp_6000seqs,train,0.8208080808080808,0.9952327186049428,0.8940602630962319,2760,2CNN_pool,6000,120,1,0.3002642412520352,1093,119.96714091300964
1,2CNN_pool_fold1_120bp_6000seqs,test,0.363023793229988,0.3698830409356725,0.3659349015389687,691,2CNN_pool,6000,120,1,0.3002642412520352,1093,119.96714091300964
0,2CNN_pool_fold3_90bp_6000seqs,train,0.8548022598870056,0.9960366270329368,0.9149405081592432,2539,2CNN_pool,6000,90,3,0.2579871080522462,1266,118.06742691993712
1,2CNN_pool_fold3_90bp_6000seqs,test,0.410840108401084,0.4357012750455373,0.4220307382212144,635,2CNN_pool,6000,90,3,0.2579871080522462,1266,118.06742691993712
0,2CNN_pool_fold3_130bp_2000seqs,train,0.833943833943834,0.9941262848751836,0.9013432571327308,952,2CNN_pool,2000,130,3,0.33506834131329,483,27.25380492210388
1,2CNN_pool_fold3_130bp_2000seqs,test,0.3558143296134562,0.369204950702748,0.3618421052631579,238,2CNN_pool,2000,130,3,0.33506834131329,483,27.25380492210388
0,2CNN_pool_fold3_70bp_2000seqs,train,0.6676493710691824,0.9900255161215497,0.7732380709622472,1479,2CNN_pool,2000,70,3,0.2906435452603005,655,46.6406729221344
1,2CNN_pool_fold3_70bp_2000seqs,test,0.3541396874730207,0.3642392890303754,0.3572248304642671,370,2CNN_pool,2000,70,3,0.2906435452603005,655,46.6406729221344
0,2CNN_pool_fold4_110bp_2000seqs,train,0.8703703703703703,0.9964272954626652,0.9220135467980296,968,2CNN_pool,2000,110,4,0.248643411653032,1105,43.95734119415283
1,2CNN_pool_fold4_110bp_2000seqs,test,0.4051724137931035,0.3857549857549858,0.3945318709267207,243,2CNN_pool,2000,110,4,0.248643411653032,1105,43.95734119415283
0,2CNN_pool_fold3_30bp_2000seqs,train,0.6874657909140668,0.9927489869908296,0.7910985353627905,1600,2CNN_pool,2000,30,3,0.2165382546186447,1670,104.5977702140808
1,2CNN_pool_fold3_30bp_2000seqs,test,0.3882716049382715,0.4662830349531117,0.4084645561735748,400,2CNN_pool,2000,30,3,0.2165382546186447,1670,104.5977702140808
0,2CNN_pool_fold1_60bp_2000seqs,train,0.8465517241379311,0.9971119133574008,0.9102981568536318,1422,2CNN_pool,2000,60,1,0.2114345458116424,1464,77.9378080368042
1,2CNN_pool_fold1_60bp_2000seqs,test,0.4376218323586744,0.4884726224783861,0.4574746008708272,356,2CNN_pool,2000,60,1,0.2114345458116424,1464,77.9378080368042
0,2CNN_pool_fold1_110bp_10000seqs,train,0.8932211313697991,0.9972776042917768,0.9403883047715076,4337,2CNN_pool,10000,110,1,0.2066627803486063,1882,279.70689249038696
1,2CNN_pool_fold1_110bp_10000seqs,test,0.5219792505644286,0.503001921229587,0.5056378562957511,1085,2CNN_pool,10000,110,1,0.2066627803486063,1882,279.70689249038696
0,2CNN_pool_fold4_20bp_2000seqs,train,0.7013546798029556,0.9916344916344916,0.8029252178579792,1600,2CNN_pool,2000,20,4,0.1504240070283413,1274,79.49084258079529
1,2CNN_pool_fold4_20bp_2000seqs,test,0.5392361111111111,0.633431264536663,0.5769829794789844,400,2CNN_pool,2000,20,4,0.1504240070283413,1274,79.49084258079529
0,2CNN_pool_fold3_150bp_6000seqs,train,0.7746063942818507,0.9920688114387848,0.850525034281744,3090,2CNN_pool,6000,150,3,0.3599915419130515,779,115.62345695495604
1,2CNN_pool_fold3_150bp_6000seqs,test,0.353503000923361,0.3785522788203753,0.3595377509807332,773,2CNN_pool,6000,150,3,0.3599915419130515,779,115.62345695495604
0,2CNN_pool_fold4_60bp_10000seqs,train,0.8187446733844688,0.9968754649605712,0.89348619733394,6889,2CNN_pool,10000,60,4,0.0667152844847234,2778,576.2495148181915
1,2CNN_pool_fold4_60bp_10000seqs,test,0.6299377286416169,0.8301452959097219,0.7036159359815454,1723,2CNN_pool,10000,60,4,0.0667152844847234,2778,576.2495148181915
0,2CNN_pool_fold0_130bp_2000seqs,train,0.6964285714285715,0.9853157121879588,0.7945451475571956,952,2CNN_pool,2000,130,0,0.4029573672959785,409,25.266485929489136
1,2CNN_pool_fold0_130bp_2000seqs,test,0.3472862263184844,0.3530522341095028,0.3474000316105579,238,2CNN_pool,2000,130,0,0.4029573672959785,409,25.266485929489136
0,2CNN_pool_fold2_120bp_6000seqs,train,0.7744107744107743,0.992598168360306,0.8565516501557807,2760,2CNN_pool,6000,120,2,0.2891500643986869,1176,124.86498713493349
1,2CNN_pool_fold2_120bp_6000seqs,test,0.3529397596165426,0.3659147869674186,0.3578334052654294,691,2CNN_pool,6000,120,2,0.2891500643986869,1176,124.86498713493349
0,2CNN_pool_fold3_140bp_6000seqs,train,0.7520032051282052,0.9929078014184396,0.8381894883750437,3296,2CNN_pool,6000,140,3,0.3275251496018785,592,100.52368688583374
1,2CNN_pool_fold3_140bp_6000seqs,test,0.3227848101265823,0.31875,0.3207547169811321,825,2CNN_pool,6000,140,3,0.3275251496018785,592,100.52368688583374
0,2CNN_pool_fold0_130bp_10000seqs,train,0.927302410448478,0.9983967656489612,0.960679125668901,4965,2CNN_pool,10000,130,0,0.2049745303037277,1872,320.57849645614624
1,2CNN_pool_fold0_130bp_10000seqs,test,0.482445790557745,0.4369007803790413,0.4549390177297154,1242,2CNN_pool,10000,130,0,0.2049745303037277,1872,320.57849645614624
0,2CNN_pool_fold1_130bp_2000seqs,train,0.6304166666666666,0.9768722466960352,0.7291169747990468,952,2CNN_pool,2000,130,1,0.4164526462554931,235,20.32739853858948
1,2CNN_pool_fold1_130bp_2000seqs,test,0.3613013698630136,0.3917033773861968,0.3694569008470353,238,2CNN_pool,2000,130,1,0.4164526462554931,235,20.32739853858948
0,2CNN_pool_fold3_110bp_2000seqs,train,0.8197101449275362,0.9953554841014648,0.8933978840095884,968,2CNN_pool,2000,110,3,0.2647487643814872,718,33.539435148239136
1,2CNN_pool_fold3_110bp_2000seqs,test,0.3206751054852321,0.3247863247863248,0.3227176220806794,243,2CNN_pool,2000,110,3,0.2647487643814872,718,33.539435148239136
0,2CNN_pool_fold2_20bp_10000seqs,train,0.7502510143731517,0.9949585576347943,0.8437885316231691,8000,2CNN_pool,10000,20,2,0.0623495501875877,3675,883.9980180263519
1,2CNN_pool_fold2_20bp_10000seqs,test,0.6529110734441262,0.9746198530668032,0.7566370281830253,2000,2CNN_pool,10000,20,2,0.0623495501875877,3675,883.9980180263519
0,2CNN_pool_fold1_70bp_10000seqs,train,0.9070475824034884,0.9983433304770064,0.9491288428393702,6011,2CNN_pool,10000,70,1,0.0730069825352626,2402,446.1622860431671
1,2CNN_pool_fold1_70bp_10000seqs,test,0.6548522389985805,0.8281147665828955,0.7220521089906025,1503,2CNN_pool,10000,70,1,0.0730069825352626,2402,446.1622860431671
0,2CNN_pool_fold2_20bp_6000seqs,train,0.5818637200736648,0.9862740914586444,0.6882152317325515,4800,2CNN_pool,6000,20,2,0.1054063896338144,2102,334.40614557266235
1,2CNN_pool_fold2_20bp_6000seqs,test,0.5668427666647161,0.8699990519529769,0.6549145001898502,1200,2CNN_pool,6000,20,2,0.1054063896338144,2102,334.40614557266235
0,2CNN_pool_fold3_120bp_6000seqs,train,0.8735294117647059,0.9968636306611468,0.9267494890685029,2760,2CNN_pool,6000,120,3,0.3972395459882775,1537,152.12537837028503
1,2CNN_pool_fold3_120bp_6000seqs,test,0.3561322661492441,0.3619047619047619,0.3580332197353473,691,2CNN_pool,6000,120,3,0.3972395459882775,1537,152.12537837028503
0,2CNN_pool_fold4_80bp_2000seqs,train,0.7287356321839081,0.9927862939585212,0.8260638368145007,1144,2CNN_pool,2000,80,4,0.2435952404162266,762,39.09811091423035
1,2CNN_pool_fold4_80bp_2000seqs,test,0.3237063778580024,0.3225419664268585,0.3231231231231231,286,2CNN_pool,2000,80,4,0.2435952404162266,762,39.09811091423035
0,2CNN_pool_fold4_120bp_10000seqs,train,0.8248154269972452,0.9949775923350332,0.894598114979415,4495,2CNN_pool,10000,120,4,0.2863335469969651,1152,203.13766241073608
1,2CNN_pool_fold4_120bp_10000seqs,test,0.3752831043333837,0.419740500463392,0.3906584855077777,1124,2CNN_pool,10000,120,4,0.2863335469969651,1152,203.13766241073608
0,2CNN_pool_fold4_20bp_10000seqs,train,0.7878478468744429,0.9961548320943348,0.8707881100425613,8000,2CNN_pool,10000,20,4,0.0412797136306762,3489,838.1849281787872
1,2CNN_pool_fold4_20bp_10000seqs,test,0.7016374388563295,0.9768409362719972,0.7988587034641369,2000,2CNN_pool,10000,20,4,0.0412797136306762,3489,838.1849281787872
0,2CNN_pool_fold1_150bp_2000seqs,train,0.9291979949874688,0.9980665119876256,0.9616440010098016,904,2CNN_pool,2000,150,1,0.3880240073246238,1015,43.66806864738464
1,2CNN_pool_fold1_150bp_2000seqs,test,0.3179012345679012,0.3179012345679012,0.3179012345679012,226,2CNN_pool,2000,150,1,0.3880240073246238,1015,43.66806864738464
0,2CNN_pool_fold2_70bp_2000seqs,train,0.9189352692075016,0.998608211551844,0.9560927733870552,1479,2CNN_pool,2000,70,2,0.2376598385540214,1507,80.41610145568848
1,2CNN_pool_fold2_70bp_2000seqs,test,0.3908172635445363,0.3753813503117124,0.381502000615574,370,2CNN_pool,2000,70,2,0.2376598385540214,1507,80.41610145568848
0,2CNN_pool_fold4_100bp_10000seqs,train,0.9561781609195402,0.9990964535803027,0.9768901635852624,4598,2CNN_pool,10000,100,4,0.1821014428657034,2238,336.2931168079376
1,2CNN_pool_fold4_100bp_10000seqs,test,0.5110778044231281,0.4892724820968017,0.4993935208500306,1150,2CNN_pool,10000,100,4,0.1821014428657034,2238,336.2931168079376
0,2CNN_pool_fold4_80bp_10000seqs,train,0.9201944870951232,0.9984688103322016,0.9563787515122376,5175,2CNN_pool,10000,80,4,0.0963351497141618,2826,457.674724817276
1,2CNN_pool_fold4_80bp_10000seqs,test,0.7613474799554013,0.7268419014425405,0.742663376289224,1294,2CNN_pool,10000,80,4,0.0963351497141618,2826,457.674724817276
0,2CNN_pool_fold1_120bp_2000seqs,train,0.722011385199241,0.990249187432286,0.8190421254879748,961,2CNN_pool,2000,120,1,0.2966597828998605,411,25.384666442871094
1,2CNN_pool_fold1_120bp_2000seqs,test,0.3202898550724637,0.3175287356321839,0.3189033189033189,241,2CNN_pool,2000,120,1,0.2966597828998605,411,25.384666442871094
0,2CNN_pool_fold3_30bp_10000seqs,train,0.7005870249334302,0.9942580068903916,0.803329036197979,8000,2CNN_pool,10000,30,3,0.0627440889775753,1692,495.38411831855774
1,2CNN_pool_fold3_30bp_10000seqs,test,0.6446521052088814,0.9761297066044388,0.7495623498758294,2000,2CNN_pool,10000,30,3,0.0627440889775753,1692,495.38411831855774
0,2CNN_pool_fold2_150bp_6000seqs,train,0.7462912087912089,0.9927390527256478,0.8396496141966517,3090,2CNN_pool,6000,150,2,0.3695545506315428,997,134.79217076301575
1,2CNN_pool_fold2_150bp_6000seqs,test,0.3353337905807041,0.341897527554364,0.3362586315128688,773,2CNN_pool,6000,150,2,0.3695545506315428,997,134.79217076301575
0,2CNN_pool_fold4_110bp_10000seqs,train,0.8599801390268124,0.996316758747698,0.9197684431699776,4337,2CNN_pool,10000,110,4,0.1461927427124867,1475,234.6786332130432
1,2CNN_pool_fold4_110bp_10000seqs,test,0.6018092482894798,0.635478706372078,0.6128707673462245,1085,2CNN_pool,10000,110,4,0.1461927427124867,1475,234.6786332130432
0,2CNN_pool_fold0_20bp_6000seqs,train,0.6289891395154553,0.9899722637081289,0.737802221607878,4800,2CNN_pool,6000,20,0,0.1165692214171091,1526,259.1703996658325
1,2CNN_pool_fold0_20bp_6000seqs,test,0.5701394985855038,0.8430745164960182,0.6540221238447115,1200,2CNN_pool,6000,20,0,0.1165692214171091,1526,259.1703996658325
0,2CNN_pool_fold0_60bp_10000seqs,train,0.9244652406417112,0.9989088925259136,0.9591918193431432,6889,2CNN_pool,10000,60,0,0.0375860127665262,2681,573.0928800106049
1,2CNN_pool_fold0_60bp_10000seqs,test,0.8085402645625436,0.9483424368611758,0.8683204376821734,1723,2CNN_pool,10000,60,0,0.0375860127665262,2681,573.0928800106049
0,2CNN_pool_fold4_130bp_6000seqs,train,0.8486842105263158,0.9963180301461282,0.9103097708065908,2997,2CNN_pool,6000,130,4,0.3055277511676152,1198,141.87660574913025
1,2CNN_pool_fold4_130bp_6000seqs,test,0.3218707015130674,0.3227586206896551,0.3223140495867768,750,2CNN_pool,6000,130,4,0.3055277511676152,1198,141.87660574913025
0,2CNN_pool_fold2_30bp_6000seqs,train,0.7630495993069092,0.995589699815052,0.8532288826461759,4800,2CNN_pool,6000,30,2,0.0696880976359049,3227,515.4403507709503
1,2CNN_pool_fold2_30bp_6000seqs,test,0.6429951690821256,0.8618799640550784,0.7224982506317588,1200,2CNN_pool,6000,30,2,0.0696880976359049,3227,515.4403507709503
0,2CNN_pool_fold4_30bp_2000seqs,train,0.7444444444444445,0.9950949029643846,0.8386640245198539,1600,2CNN_pool,2000,30,4,0.2097108006477356,1179,80.37639808654785
1,2CNN_pool_fold4_30bp_2000seqs,test,0.4931972789115646,0.4106990622335891,0.438058748403576,400,2CNN_pool,2000,30,4,0.2097108006477356,1179,80.37639808654785
0,2CNN_pool_fold3_80bp_2000seqs,train,0.8405797101449276,0.9966937180643224,0.9076882130398106,1144,2CNN_pool,2000,80,3,0.1899402697498981,971,45.810157775878906
1,2CNN_pool_fold3_80bp_2000seqs,test,0.3237063778580024,0.3225419664268585,0.3231231231231231,286,2CNN_pool,2000,80,3,0.1899402697498981,971,45.810157775878906
0,2CNN_pool_fold1_80bp_6000seqs,train,0.9805128205128204,0.9996671105193076,0.9899305210271564,3103,2CNN_pool,6000,80,1,0.1426492533118454,2269,232.6712136268616
1,2CNN_pool_fold1_80bp_6000seqs,test,0.5698517539997064,0.5139045375396907,0.5378821578221878,776,2CNN_pool,6000,80,1,0.1426492533118454,2269,232.6712136268616
0,2CNN_pool_fold4_60bp_6000seqs,train,0.7783816425120773,0.9954724073124892,0.8643004721433093,4006,2CNN_pool,6000,60,4,0.1442353527346057,1304,194.3422703742981
1,2CNN_pool_fold4_60bp_6000seqs,test,0.5706424334216836,0.6211781160551653,0.5906577317557308,1002,2CNN_pool,6000,60,4,0.1442353527346057,1304,194.3422703742981
0,2CNN_pool_fold1_30bp_6000seqs,train,0.7140427847498554,0.9937402190923316,0.8144307373477225,4800,2CNN_pool,6000,30,1,0.0826536987225214,1883,326.7496974468231
1,2CNN_pool_fold1_30bp_6000seqs,test,0.6318815331010453,0.8613106500784201,0.7129436509403244,1200,2CNN_pool,6000,30,1,0.0826536987225214,1883,326.7496974468231
0,2CNN_pool_fold4_70bp_2000seqs,train,0.8452541610436347,0.996288564138251,0.9066987079801984,1479,2CNN_pool,2000,70,4,0.2245523243337064,1123,65.95420217514038
1,2CNN_pool_fold4_70bp_2000seqs,test,0.3907663896583564,0.3735243400981562,0.3805555555555555,370,2CNN_pool,2000,70,4,0.2245523243337064,1123,65.95420217514038
0,2CNN_pool_fold2_110bp_6000seqs,train,0.9355714906562363,0.998521505376344,0.9651156952429936,2580,2CNN_pool,6000,110,2,0.301157285631165,1658,156.01559329032898
1,2CNN_pool_fold2_110bp_6000seqs,test,0.3601834282099936,0.3722497932175351,0.3654121863799283,645,2CNN_pool,6000,110,2,0.301157285631165,1658,156.01559329032898
0,2CNN_pool_fold4_150bp_10000seqs,train,0.777384960718294,0.994036850921273,0.8625816076751613,5153,2CNN_pool,10000,150,4,0.2604510230644439,643,169.66002678871155
1,2CNN_pool_fold4_150bp_10000seqs,test,0.3967232184869556,0.410203644158628,0.4026646611392374,1289,2CNN_pool,10000,150,4,0.2604510230644439,643,169.66002678871155
0,2CNN_pool_fold4_50bp_10000seqs,train,0.8595810005418096,0.9980852693387796,0.92024447428652,8000,2CNN_pool,10000,50,4,0.0473209255337715,4338,995.6798384189606
1,2CNN_pool_fold4_50bp_10000seqs,test,0.7173131953787344,0.8950655096137484,0.7767303166452718,2000,2CNN_pool,10000,50,4,0.0473209255337715,4338,995.6798384189606
0,2CNN_pool_fold1_90bp_2000seqs,train,0.6680134680134681,0.9849537037037036,0.7712086105882664,903,2CNN_pool,2000,90,1,0.4398943623610302,732,33.2829909324646
1,2CNN_pool_fold1_90bp_2000seqs,test,0.3173843700159489,0.3070987654320987,0.312156862745098,226,2CNN_pool,2000,90,1,0.4398943623610302,732,33.2829909324646
0,2CNN_pool_fold2_130bp_6000seqs,train,0.7039837398373985,0.9905649522494536,0.8034265572471776,2997,2CNN_pool,6000,130,2,0.3553889430363973,501,84.01089906692505
1,2CNN_pool_fold2_130bp_6000seqs,test,0.3229166666666667,0.3135632183908046,0.318171215302076,750,2CNN_pool,6000,130,2,0.3553889430363973,501,84.01089906692505
0,2CNN_pool_fold0_20bp_10000seqs,train,0.6360608345902463,0.9897889430060668,0.741190570450327,8000,2CNN_pool,10000,20,0,0.1038607932329177,1635,452.9516050815582
1,2CNN_pool_fold0_20bp_10000seqs,test,0.5831624371511145,0.8798856466180031,0.66426826243086,2000,2CNN_pool,10000,20,0,0.1038607932329177,1635,452.9516050815582
0,2CNN_pool_fold3_40bp_6000seqs,train,0.7110962566844918,0.9946831135686942,0.81287743461644,4800,2CNN_pool,6000,40,3,0.0733207622170448,1640,290.1506493091583
1,2CNN_pool_fold3_40bp_6000seqs,test,0.6694069944977384,0.857574104382615,0.7413806155776177,1200,2CNN_pool,6000,40,3,0.0733207622170448,1640,290.1506493091583
0,2CNN_pool_fold4_20bp_6000seqs,train,0.7032382032382033,0.9926036555010312,0.8012954898087042,4800,2CNN_pool,6000,20,4,0.1053449507554372,3396,499.7325086593628
1,2CNN_pool_fold4_20bp_6000seqs,test,0.5910146206684831,0.9116657186196436,0.6839685982853011,1200,2CNN_pool,6000,20,4,0.1053449507554372,3396,499.7325086593628
0,2CNN_pool_fold0_60bp_6000seqs,train,0.8790849673202614,0.9979497693490518,0.930347914610796,4006,2CNN_pool,6000,60,0,0.1336409563789824,2237,294.3572986125946
1,2CNN_pool_fold0_60bp_6000seqs,test,0.5925767904140716,0.5480418943533698,0.5615048793014895,1002,2CNN_pool,6000,60,0,0.1336409563789824,2237,294.3572986125946
0,2CNN_pool_fold3_140bp_10000seqs,train,0.8815411155836688,0.997447265887411,0.9318205786709224,5129,2CNN_pool,10000,140,3,0.3067983836516308,2647,450.6248211860657
1,2CNN_pool_fold3_140bp_10000seqs,test,0.380736570490265,0.3948550777720802,0.3865273603358619,1283,2CNN_pool,10000,140,3,0.3067983836516308,2647,450.6248211860657
0,2CNN_pool_fold2_60bp_2000seqs,train,0.8255693581780538,0.9966305655836342,0.8935694292868491,1422,2CNN_pool,2000,60,2,0.2559418865803922,1268,70.6126754283905
1,2CNN_pool_fold2_60bp_2000seqs,test,0.3558618252495804,0.4051392891450527,0.3681159420289855,356,2CNN_pool,2000,60,2,0.2559418865803922,1268,70.6126754283905
0,2CNN_pool_fold0_100bp_2000seqs,train,0.9545454545454546,0.9988801791713326,0.9750489036017672,929,2CNN_pool,2000,100,0,0.3177524815301527,1166,45.61231780052185
1,2CNN_pool_fold0_100bp_2000seqs,test,0.4179169384648836,0.4654761904761904,0.4351984859885536,233,2CNN_pool,2000,100,0,0.3177524815301527,1166,45.61231780052185
0,2CNN_pool_fold4_150bp_6000seqs,train,0.7857613711272248,0.994414655942806,0.8694810173671331,3090,2CNN_pool,6000,150,4,0.323054591254036,857,122.58861207962036
1,2CNN_pool_fold4_150bp_6000seqs,test,0.3442942942942943,0.3417039022937146,0.3429938687004636,773,2CNN_pool,6000,150,4,0.323054591254036,857,122.58861207962036
0,2CNN_pool_fold0_140bp_2000seqs,train,0.8527777777777779,0.996584699453552,0.914345960338274,1010,2CNN_pool,2000,140,0,0.1921588754347661,508,28.5776469707489
1,2CNN_pool_fold0_140bp_2000seqs,test,0.4057377049180328,0.3890710382513661,0.3964784456587735,253,2CNN_pool,2000,140,0,0.1921588754347661,508,28.5776469707489
0,2CNN_pool_fold3_80bp_6000seqs,train,0.8178178178178177,0.9957833999112294,0.8916954845914159,3103,2CNN_pool,6000,80,3,0.2497506371324824,1577,174.30232858657837
1,2CNN_pool_fold3_80bp_6000seqs,test,0.4648809997612035,0.538410324695278,0.4924869500372855,776,2CNN_pool,6000,80,3,0.2497506371324824,1577,174.30232858657837
0,2CNN_pool_fold4_30bp_10000seqs,train,0.8615914786967419,0.9981285355790906,0.921000090342849,8000,2CNN_pool,10000,30,4,0.0291598925888538,4558,1133.7231481075287
1,2CNN_pool_fold4_30bp_10000seqs,test,0.7671758234617311,0.9638870658013078,0.8463996969224553,2000,2CNN_pool,10000,30,4,0.0291598925888538,4558,1133.7231481075287
0,2CNN_pool_fold4_120bp_2000seqs,train,0.7797101449275362,0.9927771758757674,0.8630156991602774,961,2CNN_pool,2000,120,4,0.3293572747732099,533,28.75158762931824
1,2CNN_pool_fold4_120bp_2000seqs,test,0.3202328966521106,0.3160919540229885,0.3181489515545914,241,2CNN_pool,2000,120,4,0.3293572747732099,533,28.75158762931824
0,2CNN_pool_fold0_40bp_6000seqs,train,0.9119122257053291,0.9989366227137388,0.9521993095151884,4800,2CNN_pool,6000,40,0,0.0784771763781706,3729,574.5566194057465
1,2CNN_pool_fold0_40bp_6000seqs,test,0.6535161629339712,0.7497344971813057,0.694540907625869,1200,2CNN_pool,6000,40,0,0.0784771763781706,3729,574.5566194057465
0,2CNN_pool_fold1_150bp_6000seqs,train,0.668624439022921,0.988159070598749,0.7732618507068173,3090,2CNN_pool,6000,150,1,0.3567874892403939,764,114.47617816925047
1,2CNN_pool_fold1_150bp_6000seqs,test,0.3372192583810841,0.3392165624069109,0.3365169736851153,773,2CNN_pool,6000,150,1,0.3567874892403939,764,114.47617816925047
0,2CNN_pool_fold3_150bp_10000seqs,train,0.8938971360023992,0.997721943048576,0.9411892665310156,5153,2CNN_pool,10000,150,3,0.2637224374028303,1470,289.0151665210724
1,2CNN_pool_fold3_150bp_10000seqs,test,0.4367514254892895,0.4584780278670954,0.4456272401433691,1289,2CNN_pool,10000,150,3,0.2637224374028303,1470,289.0151665210724
0,2CNN_pool_fold4_80bp_6000seqs,train,0.9226190476190476,0.9985574789169996,0.9581870286734404,3103,2CNN_pool,6000,80,4,0.1761881454233272,2198,225.82434153556824
1,2CNN_pool_fold4_80bp_6000seqs,test,0.5524126984126984,0.5693775820273823,0.5598510394779549,776,2CNN_pool,6000,80,4,0.1761881454233272,2198,225.82434153556824
0,2CNN_pool_fold1_100bp_2000seqs,train,0.8428571428571429,0.9955207166853304,0.906888394307138,929,2CNN_pool,2000,100,1,0.3629456858266576,791,35.525633811950684
1,2CNN_pool_fold1_100bp_2000seqs,test,0.319634703196347,0.3125,0.3160270880361174,233,2CNN_pool,2000,100,1,0.3629456858266576,791,35.525633811950684
0,2CNN_pool_fold1_140bp_6000seqs,train,0.8712811171827566,0.9974968710888612,0.9273151471643932,3296,2CNN_pool,6000,140,1,0.2777458749756668,1095,146.07036757469177
1,2CNN_pool_fold1_140bp_6000seqs,test,0.3629656862745098,0.3750320512820512,0.3681944444444444,825,2CNN_pool,6000,140,1,0.2777458749756668,1095,146.07036757469177
0,2CNN_pool_fold2_140bp_6000seqs,train,0.8833245009715598,0.997392574050897,0.9306911680016752,3296,2CNN_pool,6000,140,2,0.2637203166520956,1143,150.91117215156555
1,2CNN_pool_fold2_140bp_6000seqs,test,0.3238095238095238,0.3258333333333333,0.3248182762201453,825,2CNN_pool,6000,140,2,0.2637203166520956,1143,150.91117215156555
0,2CNN_pool_fold0_150bp_10000seqs,train,0.7754315401374224,0.9938358458961476,0.8616164321240402,5153,2CNN_pool,10000,150,0,0.2847706860955877,1069,230.5213565826416
1,2CNN_pool_fold0_150bp_10000seqs,test,0.3634408469371795,0.3744587352625938,0.3665077831911963,1289,2CNN_pool,10000,150,0,0.2847706860955877,1069,230.5213565826416
0,2CNN_pool_fold2_50bp_2000seqs,train,0.719047619047619,0.9938073884262224,0.8186189881881506,1600,2CNN_pool,2000,50,2,0.227862422466278,1232,78.22770953178406
1,2CNN_pool_fold2_50bp_2000seqs,test,0.3679824561403508,0.3838022165387895,0.3729422328644118,400,2CNN_pool,2000,50,2,0.227862422466278,1232,78.22770953178406
0,2CNN_pool_fold1_80bp_2000seqs,train,0.7732585320243105,0.9942891493838294,0.858684528836546,1144,2CNN_pool,2000,80,1,0.3751836502468669,808,40.84417033195496
1,2CNN_pool_fold1_80bp_2000seqs,test,0.3248792270531401,0.3225419664268585,0.3237063778580024,286,2CNN_pool,2000,80,1,0.3751836502468669,808,40.84417033195496
0,2CNN_pool_fold3_90bp_2000seqs,train,0.8965079365079366,0.9972993827160492,0.9422798840661186,903,2CNN_pool,2000,90,3,0.3665046834312709,1843,62.899341344833374
1,2CNN_pool_fold3_90bp_2000seqs,test,0.3751274209989806,0.3780864197530864,0.376600102406554,226,2CNN_pool,2000,90,3,0.3665046834312709,1843,62.899341344833374
0,2CNN_pool_fold1_20bp_10000seqs,train,0.7147286821705426,0.9935059386482098,0.8149941209310448,8000,2CNN_pool,10000,20,1,0.062135906368494,4828,1074.1817264556885
1,2CNN_pool_fold1_20bp_10000seqs,test,0.6507728063400148,0.9303048245226438,0.7458304984530296,2000,2CNN_pool,10000,20,1,0.062135906368494,4828,1074.1817264556885
0,2CNN_pool_fold4_140bp_10000seqs,train,0.8194275889967638,0.9957006583366922,0.8925607427182505,5129,2CNN_pool,10000,140,4,0.268210160838268,1139,234.0658974647522
1,2CNN_pool_fold4_140bp_10000seqs,test,0.3551847357065804,0.3530644885600567,0.3532880632328889,1283,2CNN_pool,10000,140,4,0.268210160838268,1139,234.0658974647522
0,2CNN_pool_fold1_50bp_2000seqs,train,0.8760233918128656,0.9978646166986974,0.929128307663012,1600,2CNN_pool,2000,50,1,0.1882746636867523,1641,96.74743247032166
1,2CNN_pool_fold1_50bp_2000seqs,test,0.3256212510711225,0.3239556692242114,0.3247863247863248,400,2CNN_pool,2000,50,1,0.1882746636867523,1641,96.74743247032166
0,2CNN_pool_fold3_40bp_2000seqs,train,0.8759018759018758,0.9978577549271636,0.9305043718257604,1600,2CNN_pool,2000,40,3,0.2336613605171442,1747,106.89917469024658
1,2CNN_pool_fold3_40bp_2000seqs,test,0.3995949074074074,0.4165748561635451,0.4067485985338508,400,2CNN_pool,2000,40,3,0.2336613605171442,1747,106.89917469024658
0,2CNN_pool_fold0_30bp_2000seqs,train,0.633061383061383,0.9901898059287696,0.740136028646726,1600,2CNN_pool,2000,30,0,0.1593706163764,1077,76.10970568656921
1,2CNN_pool_fold0_30bp_2000seqs,test,0.491018760274635,0.6055839727195226,0.5307096004770423,400,2CNN_pool,2000,30,0,0.1593706163764,1077,76.10970568656921
0,2CNN_pool_fold2_70bp_10000seqs,train,0.8372041583720417,0.9965724078834618,0.904599186195016,6011,2CNN_pool,10000,70,2,0.0726672743043737,2707,494.45999693870544
1,2CNN_pool_fold2_70bp_10000seqs,test,0.6870331709580144,0.8598126570710533,0.7556261510128914,1503,2CNN_pool,10000,70,2,0.0726672743043737,2707,494.45999693870544
0,2CNN_pool_fold2_40bp_2000seqs,train,0.79320987654321,0.9959297343616108,0.87457574218001,1600,2CNN_pool,2000,40,2,0.1154727405309677,893,66.69275212287903
1,2CNN_pool_fold2_40bp_2000seqs,test,0.5281385281385281,0.5985738768515118,0.5573795409636723,400,2CNN_pool,2000,40,2,0.1154727405309677,893,66.69275212287903
0,2CNN_pool_fold3_130bp_10000seqs,train,0.8648717948717949,0.9967238254565732,0.9231331460290928,4965,2CNN_pool,10000,130,3,0.2349849219723408,1562,278.5363492965698
1,2CNN_pool_fold3_130bp_10000seqs,test,0.4522947640594699,0.4622073578595317,0.4564965083387766,1242,2CNN_pool,10000,130,3,0.2349849219723408,1562,278.5363492965698
