model_name	split	r2	pearson	spearman	reduction	train_size	cv_fold	seq_mode	model_type
biLSTM_cv3_r0.25_shuffleSeqs	val	0.0808455100345678	0.2845736267923155	0.280800413207332	0.25	92976	3	shuffle	biLSTM
biLSTM_cv3_r0.25_shuffleSeqs	test	0.0686208639895045	0.2649820191597883	0.2557628271497143	0.25	92976	3	shuffle	biLSTM
CNN_cv4_r0.025_regularSeqs	train	0.4739282063023184	0.6891404971571292	0.6912251815873252	0.025	9298	4	regular	CNN
CNN_cv4_r0.025_regularSeqs	val	0.3873341372841363	0.6226630611448559	0.6233297935641725	0.025	9298	4	regular	CNN
CNN_cv4_r0.025_regularSeqs	test	0.4376651183864873	0.6647638064852674	0.6691714724940415	0.025	9298	4	regular	CNN
biLSTM_cv4_r0.25_shuffleSeqs	val	0.0800024011787995	0.282906760214613	0.2806277725778971	0.25	92976	4	shuffle	biLSTM
biLSTM_cv4_r0.25_shuffleSeqs	test	0.0653651423096048	0.2643900060583669	0.2581722813733539	0.25	92976	4	shuffle	biLSTM
CNN_cv2_r0.005_shuffleSeqs	train	0.1064518951311216	0.3352964013486464	0.3304727808514078	0.005	1860	2	shuffle	CNN
CNN_cv2_r0.005_shuffleSeqs	val	0.0627671330578449	0.2509013868385425	0.2518492995674278	0.005	1860	2	shuffle	CNN
CNN_cv2_r0.005_shuffleSeqs	test	0.0013538023130917	0.1360764806460956	0.1382856387556291	0.005	1860	2	shuffle	CNN
CNN_cv4_r0.25_regularSeqs	val	0.434144435278751	0.658947870826441	0.6603580198092052	0.25	92976	4	regular	CNN
CNN_cv4_r0.25_regularSeqs	test	0.5539583938211667	0.7483694291118741	0.7486630485793565	0.25	92976	4	regular	CNN
CNNLSTM_cv1_r1.0_shuffleSeqs	val	0.0793458169290983	0.2816990935533082	0.2766351844048667	1.0	371905	1	shuffle	CNNLSTM
CNNLSTM_cv1_r1.0_shuffleSeqs	test	0.0733555494830791	0.2753469024568524	0.2653600713877304	1.0	371905	1	shuffle	CNNLSTM
CNN_cv0_r0.25_shuffleSeqs	train	0.0783869311863939	0.2801617121303075	0.2760585182873961	0.25	92976	0	shuffle	CNN
CNN_cv0_r0.25_shuffleSeqs	val	0.0708795553755557	0.2663319569582231	0.2628970441095246	0.25	92976	0	shuffle	CNN
CNN_cv0_r0.25_shuffleSeqs	test	0.0754480305607945	0.2770663342558296	0.2667199815713292	0.25	92976	0	shuffle	CNN
CNN_cv1_r0.25_regularSeqs	val	0.4260190450879456	0.6536800710039895	0.6555709321582492	0.25	92976	1	regular	CNN
CNN_cv1_r0.25_regularSeqs	test	0.562900784274294	0.7530554538122938	0.749925008472265	0.25	92976	1	regular	CNN
biLSTM_cv4_r0.005_regularSeqs	train	0.0979255078188597	0.3303982671718839	0.3300745435878298	0.005	1860	4	regular	biLSTM
biLSTM_cv4_r0.005_regularSeqs	val	0.0656028124565262	0.2584975012786854	0.2377327994091285	0.005	1860	4	regular	biLSTM
biLSTM_cv4_r0.005_regularSeqs	test	0.1403283314335643	0.3909181778089696	0.3855131848543948	0.005	1860	4	regular	biLSTM
biLSTM_cv3_r1.0_shuffleSeqs	val	0.0792297129564462	0.2815784803730229	0.2766597697303403	1.0	371905	3	shuffle	biLSTM
biLSTM_cv3_r1.0_shuffleSeqs	test	0.0751338058093242	0.2768856100144424	0.2668840923062024	1.0	371905	3	shuffle	biLSTM
CNNLSTM_cv4_r1.0_shuffleSeqs	val	0.0786523259725666	0.2805378407764549	0.2763216346466846	1.0	371905	4	shuffle	CNNLSTM
CNNLSTM_cv4_r1.0_shuffleSeqs	test	0.0736475747535724	0.2757402605488195	0.2663116315131001	1.0	371905	4	shuffle	CNNLSTM
biLSTM_cv2_r0.005_shuffleSeqs	train	0.0846866339130052	0.2921810786677774	0.2861408280900674	0.005	1860	2	shuffle	biLSTM
biLSTM_cv2_r0.005_shuffleSeqs	val	0.0952538696961445	0.3133602769194566	0.3193591314958852	0.005	1860	2	shuffle	biLSTM
biLSTM_cv2_r0.005_shuffleSeqs	test	-0.0085734967329837	0.1290711676111815	0.1492564932927322	0.005	1860	2	shuffle	biLSTM
CNN_cv0_r0.25_regularSeqs	train	0.5426718847389232	0.7394585423796918	0.7427898701856316	0.25	92976	0	regular	CNN
CNN_cv0_r0.25_regularSeqs	val	0.4299229254133703	0.6558422218821438	0.6583119268651463	0.25	92976	0	regular	CNN
CNN_cv0_r0.25_regularSeqs	test	0.5699718603018326	0.7561516501630545	0.7538183114509945	0.25	92976	0	regular	CNN
CNN_cv1_r0.005_shuffleSeqs	train	0.0896256581975453	0.3166098080588551	0.3156613929394469	0.005	1860	1	shuffle	CNN
CNN_cv1_r0.005_shuffleSeqs	val	0.0616055577263189	0.2523089617703314	0.2577344491628979	0.005	1860	1	shuffle	CNN
CNN_cv1_r0.005_shuffleSeqs	test	-0.0153738676150572	0.1096367631416353	0.0869174428038943	0.005	1860	1	shuffle	CNN
biLSTM_cv0_r0.25_regularSeqs	train	0.4906282670537912	0.700757489158665	0.7016068878330545	0.25	92976	0	regular	biLSTM
biLSTM_cv0_r0.25_regularSeqs	val	0.4569823983167902	0.676274090023183	0.676384451399929	0.25	92976	0	regular	biLSTM
biLSTM_cv0_r0.25_regularSeqs	test	0.6110880959645559	0.7826841426457042	0.7768624546611621	0.25	92976	0	regular	biLSTM
CNNLSTM_cv3_r1.0_shuffleSeqs	val	0.0781534240655963	0.2798103846980895	0.2749772241396881	1.0	371905	3	shuffle	CNNLSTM
CNNLSTM_cv3_r1.0_shuffleSeqs	test	0.0748492680145166	0.2757710236133666	0.2660585221348938	1.0	371905	3	shuffle	CNNLSTM
CNNLSTM_cv2_r0.25_shuffleSeqs	val	0.0754767587248129	0.2749274833983939	0.2714490849253217	0.25	92976	2	shuffle	CNNLSTM
CNNLSTM_cv2_r0.25_shuffleSeqs	test	0.068307525848846	0.2668819154790938	0.2573922096780902	0.25	92976	2	shuffle	CNNLSTM
biLSTM_cv2_r1.0_regularSeqs	val	0.4800126539642076	0.6929364407252084	0.693163718490428	1.0	371905	2	regular	biLSTM
biLSTM_cv2_r1.0_regularSeqs	test	0.6341261159321849	0.7991324221536394	0.790183289095655	1.0	371905	2	regular	biLSTM
CNN_cv3_r1.0_regularSeqs	val	0.4640509277387094	0.6818922554034689	0.6827701312091901	1.0	371905	3	regular	CNN
CNN_cv3_r1.0_regularSeqs	test	0.6176319440306746	0.7870769960950614	0.7813504541030172	1.0	371905	3	regular	CNN
CNNLSTM_cv1_r0.025_regularSeqs	train	0.3442752611893995	0.5894085908308353	0.5852728656037773	0.025	9298	1	regular	CNNLSTM
CNNLSTM_cv1_r0.025_regularSeqs	val	0.2625753538492825	0.514649914212318	0.514474849261551	0.025	9298	1	regular	CNNLSTM
CNNLSTM_cv1_r0.025_regularSeqs	test	0.3550446918802366	0.5967226526278919	0.5723551054533382	0.025	9298	1	regular	CNNLSTM
CNNLSTM_cv1_r0.25_regularSeqs	val	0.3445597212649293	0.5871215656296718	0.5787229931123242	0.25	92976	1	regular	CNNLSTM
CNNLSTM_cv1_r0.25_regularSeqs	test	0.4407226172101941	0.6664366680349977	0.6430817493060851	0.25	92976	1	regular	CNNLSTM
CNNLSTM_cv4_r0.005_shuffleSeqs	train	0.0940005464467224	0.3158105076529242	0.3108827797662952	0.005	1860	4	shuffle	CNNLSTM
CNNLSTM_cv4_r0.005_shuffleSeqs	val	0.0452954694595277	0.2256500462560458	0.2158531758857355	0.005	1860	4	shuffle	CNNLSTM
CNNLSTM_cv4_r0.005_shuffleSeqs	test	0.1073679077459023	0.3650347032214244	0.3359229396621341	0.005	1860	4	shuffle	CNNLSTM
CNNLSTM_cv1_r0.25_shuffleSeqs	val	0.0767837878140952	0.2774058099580131	0.2709545279556655	0.25	92976	1	shuffle	CNNLSTM
CNNLSTM_cv1_r0.25_shuffleSeqs	test	0.0743746750616884	0.2792140383315126	0.2689534345912214	0.25	92976	1	shuffle	CNNLSTM
biLSTM_cv0_r0.005_regularSeqs	train	0.1039960693080369	0.3236221565691167	0.3259054418502389	0.005	1860	0	regular	biLSTM
biLSTM_cv0_r0.005_regularSeqs	val	0.1065767261980499	0.3265195280444217	0.3364416590001122	0.005	1860	0	regular	biLSTM
biLSTM_cv0_r0.005_regularSeqs	test	0.1541356776352459	0.394574154430239	0.4037208380168761	0.005	1860	0	regular	biLSTM
CNN_cv1_r0.025_regularSeqs	train	0.4398200280474307	0.6681251588484078	0.6698356953507582	0.025	9298	1	regular	CNN
CNN_cv1_r0.025_regularSeqs	val	0.3117511333240043	0.5597716448198267	0.5706288114254556	0.025	9298	1	regular	CNN
CNN_cv1_r0.025_regularSeqs	test	0.3786058017972105	0.6170008134381597	0.6142947394826718	0.025	9298	1	regular	CNN
CNN_cv4_r1.0_regularSeqs	val	0.4702140740140941	0.6868078254392267	0.6870064378916844	1.0	371905	4	regular	CNN
CNN_cv4_r1.0_regularSeqs	test	0.6159273800160483	0.7866526026175453	0.7803905440733588	1.0	371905	4	regular	CNN
biLSTM_cv4_r0.005_shuffleSeqs	train	0.0613937987471863	0.2600089977306984	0.2629291784988319	0.005	1860	4	shuffle	biLSTM
biLSTM_cv4_r0.005_shuffleSeqs	val	0.0334525734779784	0.1957119070464471	0.1905512321177974	0.005	1860	4	shuffle	biLSTM
biLSTM_cv4_r0.005_shuffleSeqs	test	0.0924214716552767	0.3697907556588732	0.3551847201129695	0.005	1860	4	shuffle	biLSTM
CNNLSTM_cv3_r0.005_shuffleSeqs	train	0.1372325678928871	0.3723149227932811	0.362087083517674	0.005	1860	3	shuffle	CNNLSTM
CNNLSTM_cv3_r0.005_shuffleSeqs	val	0.0614749988441543	0.2580508807869768	0.2614933964294395	0.005	1860	3	shuffle	CNNLSTM
CNNLSTM_cv3_r0.005_shuffleSeqs	test	0.0110538217144577	0.2635061360697083	0.264127500261866	0.005	1860	3	shuffle	CNNLSTM
CNN_cv3_r1.0_shuffleSeqs	val	0.0772006107412099	0.2779636152112024	0.2731466920472369	1.0	371905	3	shuffle	CNN
CNN_cv3_r1.0_shuffleSeqs	test	0.0718250328613286	0.2712137100672804	0.261548942504994	1.0	371905	3	shuffle	CNN
biLSTM_cv2_r1.0_shuffleSeqs	val	0.0789484278378189	0.2810175012046528	0.2767045513236888	1.0	371905	2	shuffle	biLSTM
biLSTM_cv2_r1.0_shuffleSeqs	test	0.0755580078522927	0.2777936546763174	0.267633996573645	1.0	371905	2	shuffle	biLSTM
CNNLSTM_cv0_r1.0_shuffleSeqs	val	0.0781987431740883	0.2796906885758995	0.2760043053804147	1.0	371904	0	shuffle	CNNLSTM
CNNLSTM_cv0_r1.0_shuffleSeqs	test	0.0741519889396294	0.2745502102038059	0.2649168570976112	1.0	371904	0	shuffle	CNNLSTM
biLSTM_cv2_r0.025_shuffleSeqs	train	0.082172680443197	0.2867503165062656	0.2825097986333916	0.025	9298	2	shuffle	biLSTM
biLSTM_cv2_r0.025_shuffleSeqs	val	0.072701595717134	0.2698474593690012	0.2545734428210228	0.025	9298	2	shuffle	biLSTM
biLSTM_cv2_r0.025_shuffleSeqs	test	0.0853367179794938	0.3011371817826672	0.2904346731033339	0.025	9298	2	shuffle	biLSTM
biLSTM_cv1_r0.025_regularSeqs	train	0.1072520898778988	0.3283868481369533	0.3228288595405441	0.025	9298	1	regular	biLSTM
biLSTM_cv1_r0.025_regularSeqs	val	0.102936679419888	0.3211774034550334	0.3167096375395447	0.025	9298	1	regular	biLSTM
biLSTM_cv1_r0.025_regularSeqs	test	0.0850369411040842	0.2993313303126132	0.2834891374677128	0.025	9298	1	regular	biLSTM
CNN_cv0_r0.005_shuffleSeqs	train	0.0936901460278194	0.3137018375318848	0.3181987585631398	0.005	1860	0	shuffle	CNN
CNN_cv0_r0.005_shuffleSeqs	val	0.0750021991377586	0.276648565290534	0.2806258902371736	0.005	1860	0	shuffle	CNN
CNN_cv0_r0.005_shuffleSeqs	test	0.0630683807148895	0.2555908115127282	0.2602504791501884	0.005	1860	0	shuffle	CNN
CNNLSTM_cv3_r0.25_regularSeqs	val	0.3559605725146948	0.5966518003390782	0.5897594643502818	0.25	92976	3	regular	CNNLSTM
CNNLSTM_cv3_r0.25_regularSeqs	test	0.4356210326526969	0.662596031891266	0.6438109899874119	0.25	92976	3	regular	CNNLSTM
biLSTM_cv1_r0.005_regularSeqs	train	0.0862841746120437	0.2973334701385871	0.2980718072724629	0.005	1860	1	regular	biLSTM
biLSTM_cv1_r0.005_regularSeqs	val	0.0921204311063644	0.304604747223659	0.3114949659100845	0.005	1860	1	regular	biLSTM
biLSTM_cv1_r0.005_regularSeqs	test	-0.0070983344461608	0.1825351976489606	0.1615092169898163	0.005	1860	1	regular	biLSTM
CNN_cv1_r0.25_shuffleSeqs	val	0.0742233193778568	0.2726593025831875	0.265558903079974	0.25	92976	1	shuffle	CNN
CNN_cv1_r0.25_shuffleSeqs	test	0.0725374684908631	0.2763359777467873	0.2659712360189212	0.25	92976	1	shuffle	CNN
CNNLSTM_cv1_r0.005_shuffleSeqs	train	0.0594219069296378	0.2444477728900325	0.2431749315464926	0.005	1860	1	shuffle	CNNLSTM
CNNLSTM_cv1_r0.005_shuffleSeqs	val	0.0831056950741491	0.2972668048987834	0.2942428048240103	0.005	1860	1	shuffle	CNNLSTM
CNNLSTM_cv1_r0.005_shuffleSeqs	test	-0.0181414251753935	0.1244431066870082	0.0944846763521936	0.005	1860	1	shuffle	CNNLSTM
CNNLSTM_cv0_r0.025_shuffleSeqs	train	0.0820993992820056	0.2902615598429873	0.2852985364056054	0.025	9298	0	shuffle	CNNLSTM
CNNLSTM_cv0_r0.025_shuffleSeqs	val	0.0632206820301352	0.2518474721450775	0.2474161785211405	0.025	9298	0	shuffle	CNNLSTM
CNNLSTM_cv0_r0.025_shuffleSeqs	test	0.0342356121913423	0.2160312228527194	0.2099999498735641	0.025	9298	0	shuffle	CNNLSTM
CNNLSTM_cv3_r0.25_shuffleSeqs	val	0.0788615486656864	0.2811023192811026	0.2772287983211181	0.25	92976	3	shuffle	CNNLSTM
CNNLSTM_cv3_r0.25_shuffleSeqs	test	0.0654358288124037	0.2619889554179468	0.2534531250442747	0.25	92976	3	shuffle	CNNLSTM
biLSTM_cv0_r0.25_shuffleSeqs	train	0.0807445758836883	0.2842041509527479	0.2790691403785251	0.25	92976	0	shuffle	biLSTM
biLSTM_cv0_r0.25_shuffleSeqs	val	0.0736072485615574	0.2713999947649774	0.2672243447499716	0.25	92976	0	shuffle	biLSTM
biLSTM_cv0_r0.25_shuffleSeqs	test	0.0771619900247442	0.2808888386223543	0.2706440592557901	0.25	92976	0	shuffle	biLSTM
CNN_cv3_r0.025_shuffleSeqs	train	0.0852220522257002	0.2938068824157659	0.2902303243334996	0.025	9298	3	shuffle	CNN
CNN_cv3_r0.025_shuffleSeqs	val	0.0729918786610531	0.270517120791355	0.2703805397549044	0.025	9298	3	shuffle	CNN
CNN_cv3_r0.025_shuffleSeqs	test	0.0575894060602151	0.2542560280316834	0.2530284680929397	0.025	9298	3	shuffle	CNN
biLSTM_cv2_r0.25_regularSeqs	val	0.4444476735494371	0.6677288074803946	0.6704864176609426	0.25	92976	2	regular	biLSTM
biLSTM_cv2_r0.25_regularSeqs	test	0.5830447675006092	0.7698915505105794	0.7619529721576053	0.25	92976	2	regular	biLSTM
CNNLSTM_cv0_r0.005_shuffleSeqs	train	0.0715725402082815	0.272321243887303	0.2788792485140376	0.005	1860	0	shuffle	CNNLSTM
CNNLSTM_cv0_r0.005_shuffleSeqs	val	0.065063987471585	0.2573313146064543	0.2684494938828539	0.005	1860	0	shuffle	CNNLSTM
CNNLSTM_cv0_r0.005_shuffleSeqs	test	0.071775701737531	0.2710814677884851	0.2787819707899697	0.005	1860	0	shuffle	CNNLSTM
CNNLSTM_cv3_r0.025_shuffleSeqs	train	0.0785785109841348	0.2803200944691735	0.2754783843216259	0.025	9298	3	shuffle	CNNLSTM
CNNLSTM_cv3_r0.025_shuffleSeqs	val	0.0769024645311612	0.2773193837743867	0.2734230966990847	0.025	9298	3	shuffle	CNNLSTM
CNNLSTM_cv3_r0.025_shuffleSeqs	test	0.0519325999256585	0.2510282714437111	0.2465365995391551	0.025	9298	3	shuffle	CNNLSTM
CNNLSTM_cv2_r1.0_regularSeqs	val	0.4796209840988938	0.6925705130608646	0.6934014460360358	1.0	371905	2	regular	CNNLSTM
CNNLSTM_cv2_r1.0_regularSeqs	test	0.6315260813759189	0.7971619980547725	0.7900710043923518	1.0	371905	2	regular	CNNLSTM
CNN_cv2_r1.0_regularSeqs	val	0.4622098905993733	0.6816702892306057	0.6840124845914084	1.0	371905	2	regular	CNN
CNN_cv2_r1.0_regularSeqs	test	0.6185232345732258	0.788475813933454	0.7829213088883735	1.0	371905	2	regular	CNN
biLSTM_cv3_r0.25_regularSeqs	val	0.4613005130148014	0.6792651343895899	0.6789261906063095	0.25	92976	3	regular	biLSTM
biLSTM_cv3_r0.25_regularSeqs	test	0.598566760119181	0.7766603067414724	0.7697420095878102	0.25	92976	3	regular	biLSTM
biLSTM_cv3_r0.025_shuffleSeqs	train	0.076869908003712	0.2773028136234485	0.2722754230185394	0.025	9298	3	shuffle	biLSTM
biLSTM_cv3_r0.025_shuffleSeqs	val	0.0825847830728488	0.2875970657943735	0.284042051325362	0.025	9298	3	shuffle	biLSTM
biLSTM_cv3_r0.025_shuffleSeqs	test	0.061311958418183	0.2674197651166289	0.2628299350712557	0.025	9298	3	shuffle	biLSTM
biLSTM_cv3_r0.005_regularSeqs	train	0.0921504737632089	0.3050083491516945	0.3022579697526083	0.005	1860	3	regular	biLSTM
biLSTM_cv3_r0.005_regularSeqs	val	0.0698049230346889	0.2673359972230649	0.2657802330962421	0.005	1860	3	regular	biLSTM
biLSTM_cv3_r0.005_regularSeqs	test	0.1269934695650533	0.4212892286605635	0.4102253989429321	0.005	1860	3	regular	biLSTM
biLSTM_cv0_r0.025_regularSeqs	train	0.3220752856030002	0.5683217792354668	0.563105272714455	0.025	9298	0	regular	biLSTM
biLSTM_cv0_r0.025_regularSeqs	val	0.2520762051571994	0.5027907738218739	0.4824816910536483	0.025	9298	0	regular	biLSTM
biLSTM_cv0_r0.025_regularSeqs	test	0.3383882227676642	0.5864408466742573	0.5493990626977765	0.025	9298	0	regular	biLSTM
biLSTM_cv3_r1.0_regularSeqs	val	0.4806702157440852	0.6933469955789039	0.6923241403207432	1.0	371905	3	regular	biLSTM
biLSTM_cv3_r1.0_regularSeqs	test	0.6331765870239291	0.7980994443688219	0.7897338411995488	1.0	371905	3	regular	biLSTM
CNNLSTM_cv3_r1.0_regularSeqs	val	0.4713651362831724	0.6869598764670066	0.6862391511335868	1.0	371905	3	regular	CNNLSTM
CNNLSTM_cv3_r1.0_regularSeqs	test	0.6249244263114081	0.7930701445672572	0.7857060592677558	1.0	371905	3	regular	CNNLSTM
CNNLSTM_cv0_r0.025_regularSeqs	train	0.3506189277303875	0.5943427359688365	0.5865235897674864	0.025	9298	0	regular	CNNLSTM
CNNLSTM_cv0_r0.025_regularSeqs	val	0.2549864758060798	0.5055873262686432	0.4896198758883649	0.025	9298	0	regular	CNNLSTM
CNNLSTM_cv0_r0.025_regularSeqs	test	0.3493136840604969	0.5930239391244043	0.5629494671562979	0.025	9298	0	regular	CNNLSTM
CNN_cv0_r0.025_regularSeqs	train	0.4781202667831546	0.6992011889201801	0.698221329563325	0.025	9298	0	regular	CNN
CNN_cv0_r0.025_regularSeqs	val	0.3055299633297862	0.553960157597534	0.5533102959550377	0.025	9298	0	regular	CNN
CNN_cv0_r0.025_regularSeqs	test	0.3690149848158435	0.6086883835293826	0.6170516958306104	0.025	9298	0	regular	CNN
biLSTM_cv0_r0.005_shuffleSeqs	train	0.092725762740895	0.3060909958709241	0.3084703811989628	0.005	1860	0	shuffle	biLSTM
biLSTM_cv0_r0.005_shuffleSeqs	val	0.0830528005479203	0.2884704217716986	0.2887525983768674	0.005	1860	0	shuffle	biLSTM
biLSTM_cv0_r0.005_shuffleSeqs	test	0.0802046958024238	0.2860284238091181	0.3023032185595779	0.005	1860	0	shuffle	biLSTM
CNN_cv1_r0.005_regularSeqs	train	0.3194560796244972	0.60156534683238	0.6124227213894708	0.005	1860	1	regular	CNN
CNN_cv1_r0.005_regularSeqs	val	0.0953058472928829	0.3165200183558786	0.3221197825304239	0.005	1860	1	regular	CNN
CNN_cv1_r0.005_regularSeqs	test	0.0407961981567505	0.2956848542516723	0.2870224266600152	0.005	1860	1	regular	CNN
biLSTM_cv1_r0.025_shuffleSeqs	train	0.0767062085599523	0.2793349039993608	0.2709317359433606	0.025	9298	1	shuffle	biLSTM
biLSTM_cv1_r0.025_shuffleSeqs	val	0.0814653043143387	0.285453167856029	0.2734102611839196	0.025	9298	1	shuffle	biLSTM
biLSTM_cv1_r0.025_shuffleSeqs	test	0.0584710649399791	0.2474685624391318	0.2477561038706488	0.025	9298	1	shuffle	biLSTM
biLSTM_cv1_r0.005_shuffleSeqs	train	0.1175904464389454	0.3497064794841357	0.3482363956343191	0.005	1860	1	shuffle	biLSTM
biLSTM_cv1_r0.005_shuffleSeqs	val	0.0892170302574931	0.3034342413118511	0.3056634444836783	0.005	1860	1	shuffle	biLSTM
biLSTM_cv1_r0.005_shuffleSeqs	test	-0.0154917872400437	0.1541709916936254	0.1197836894726216	0.005	1860	1	shuffle	biLSTM
CNN_cv4_r0.005_shuffleSeqs	train	0.1091754495122476	0.339853109265804	0.3332853075663404	0.005	1860	4	shuffle	CNN
CNN_cv4_r0.005_shuffleSeqs	val	0.0431924700731917	0.2321921988081536	0.2233457226818466	0.005	1860	4	shuffle	CNN
CNN_cv4_r0.005_shuffleSeqs	test	0.0820303825075778	0.3344015824101848	0.2985295089567552	0.005	1860	4	shuffle	CNN
CNN_cv4_r0.005_regularSeqs	train	0.3805783292687914	0.6351412364261506	0.6360782541575236	0.005	1860	4	regular	CNN
CNN_cv4_r0.005_regularSeqs	val	0.087295956807618	0.3337343487861438	0.3113538016831092	0.005	1860	4	regular	CNN
CNN_cv4_r0.005_regularSeqs	test	0.1502127714239961	0.4608888000122826	0.4299914083692764	0.005	1860	4	regular	CNN
CNN_cv3_r0.025_regularSeqs	train	0.5162797805989747	0.7302343027914483	0.7310472766343595	0.025	9298	3	regular	CNN
CNN_cv3_r0.025_regularSeqs	val	0.3224847610180622	0.5680769553731664	0.5677036978336253	0.025	9298	3	regular	CNN
CNN_cv3_r0.025_regularSeqs	test	0.3842424304462247	0.6224166207402013	0.6312873347497198	0.025	9298	3	regular	CNN
CNN_cv0_r0.025_shuffleSeqs	train	0.089394602669761	0.3047128710077041	0.3023267806831887	0.025	9298	0	shuffle	CNN
CNN_cv0_r0.025_shuffleSeqs	val	0.0649584566462821	0.2566862076905346	0.2510916410238809	0.025	9298	0	shuffle	CNN
CNN_cv0_r0.025_shuffleSeqs	test	0.0286579675324114	0.2195621572455969	0.2036105121273582	0.025	9298	0	shuffle	CNN
CNN_cv2_r0.025_shuffleSeqs	train	0.0820548561322078	0.2897083882239344	0.2874437717155449	0.025	9298	2	shuffle	CNN
CNN_cv2_r0.025_shuffleSeqs	val	0.0585028859797066	0.2422764592900556	0.2317847903403673	0.025	9298	2	shuffle	CNN
CNN_cv2_r0.025_shuffleSeqs	test	0.0747580930620944	0.2790782739145712	0.2788833013470099	0.025	9298	2	shuffle	CNN
CNNLSTM_cv2_r0.005_shuffleSeqs	train	0.0971168007077099	0.3136646586576841	0.3007953740591762	0.005	1860	2	shuffle	CNNLSTM
CNNLSTM_cv2_r0.005_shuffleSeqs	val	0.0823459454107896	0.2914628578537809	0.2931132185124849	0.005	1860	2	shuffle	CNNLSTM
CNNLSTM_cv2_r0.005_shuffleSeqs	test	-0.0175848322006999	0.1113562751194361	0.1343533143884144	0.005	1860	2	shuffle	CNNLSTM
CNNLSTM_cv4_r0.025_shuffleSeqs	train	0.0803402652070921	0.284391025579806	0.2809091150301398	0.025	9298	4	shuffle	CNNLSTM
CNNLSTM_cv4_r0.025_shuffleSeqs	val	0.0791099232652743	0.2815131214676553	0.2841361921779253	0.025	9298	4	shuffle	CNNLSTM
CNNLSTM_cv4_r0.025_shuffleSeqs	test	0.0952571624476421	0.3185327670321852	0.3019478351911626	0.025	9298	4	shuffle	CNNLSTM
CNNLSTM_cv4_r0.005_regularSeqs	train	0.2992702193186447	0.5508768851345152	0.5576342183169717	0.005	1860	4	regular	CNNLSTM
CNNLSTM_cv4_r0.005_regularSeqs	val	0.1720219863928727	0.4284636384229032	0.417527068151037	0.005	1860	4	regular	CNNLSTM
CNNLSTM_cv4_r0.005_regularSeqs	test	0.1771802563744543	0.4495875570607314	0.4187826316855857	0.005	1860	4	regular	CNNLSTM
CNN_cv3_r0.005_shuffleSeqs	train	0.1061301392014986	0.3428704696140415	0.3468883109279557	0.005	1860	3	shuffle	CNN
CNN_cv3_r0.005_shuffleSeqs	val	0.0523872016448517	0.2291820371259952	0.2358789580432536	0.005	1860	3	shuffle	CNN
CNN_cv3_r0.005_shuffleSeqs	test	0.0338813209789696	0.2891037330576911	0.3002785681070407	0.005	1860	3	shuffle	CNN
CNNLSTM_cv4_r0.25_regularSeqs	val	0.4078255414292566	0.6394922822687112	0.6404208098002181	0.25	92976	4	regular	CNNLSTM
CNNLSTM_cv4_r0.25_regularSeqs	test	0.5154642845798524	0.7192577449665887	0.714819330424527	0.25	92976	4	regular	CNNLSTM
CNNLSTM_cv2_r0.025_shuffleSeqs	train	0.086981290326218	0.2952858646900044	0.2910979572672719	0.025	9298	2	shuffle	CNNLSTM
CNNLSTM_cv2_r0.025_shuffleSeqs	val	0.068034472891182	0.2626001402513294	0.2493025209695205	0.025	9298	2	shuffle	CNNLSTM
CNNLSTM_cv2_r0.025_shuffleSeqs	test	0.0771192588440937	0.2862324882945786	0.2794111085808356	0.025	9298	2	shuffle	CNNLSTM
CNNLSTM_cv3_r0.005_regularSeqs	train	0.3201150930395655	0.5696891823552053	0.5652068542747348	0.005	1860	3	regular	CNNLSTM
CNNLSTM_cv3_r0.005_regularSeqs	val	0.1645280751519526	0.4176174559899468	0.4212517175633871	0.005	1860	3	regular	CNNLSTM
CNNLSTM_cv3_r0.005_regularSeqs	test	0.1867866875344934	0.4935065927525687	0.4925500381775607	0.005	1860	3	regular	CNNLSTM
CNNLSTM_cv4_r1.0_regularSeqs	val	0.4842243065228581	0.6958666265556546	0.6949111723128866	1.0	371905	4	regular	CNNLSTM
CNNLSTM_cv4_r1.0_regularSeqs	test	0.6285779482976006	0.7953799754594166	0.7874911208666423	1.0	371905	4	regular	CNNLSTM
CNNLSTM_cv1_r1.0_regularSeqs	val	0.4728970627682592	0.6878393296307769	0.6881795944682	1.0	371905	1	regular	CNNLSTM
CNNLSTM_cv1_r1.0_regularSeqs	test	0.6204748748383626	0.7912929121540863	0.7836791634463107	1.0	371905	1	regular	CNNLSTM
CNNLSTM_cv0_r1.0_regularSeqs	val	0.4761096211760242	0.6902243735577434	0.6900057810537734	1.0	371904	0	regular	CNNLSTM
CNNLSTM_cv0_r1.0_regularSeqs	test	0.6279610158117208	0.7956686413335785	0.7881045282591392	1.0	371904	0	regular	CNNLSTM
CNN_cv3_r0.25_regularSeqs	val	0.4261517700739183	0.654907863742917	0.6573465589252573	0.25	92976	3	regular	CNN
CNN_cv3_r0.25_regularSeqs	test	0.5608292652705056	0.7493677435740614	0.7448553200837569	0.25	92976	3	regular	CNN
biLSTM_cv4_r0.025_shuffleSeqs	train	0.0739961749934773	0.2736129091455271	0.2702295849673873	0.025	9298	4	shuffle	biLSTM
biLSTM_cv4_r0.025_shuffleSeqs	val	0.08310735191953	0.2883077865691666	0.2888896043232867	0.025	9298	4	shuffle	biLSTM
biLSTM_cv4_r0.025_shuffleSeqs	test	0.1022365646337676	0.3304927356544291	0.3142108925208994	0.025	9298	4	shuffle	biLSTM
biLSTM_cv2_r0.25_shuffleSeqs	val	0.0771780903320157	0.2780296760905713	0.2739282345552534	0.25	92976	2	shuffle	biLSTM
biLSTM_cv2_r0.25_shuffleSeqs	test	0.0715892683910065	0.2721695402530313	0.2624320217655218	0.25	92976	2	shuffle	biLSTM
CNNLSTM_cv0_r0.25_regularSeqs	train	0.4806759435026436	0.6934775508372756	0.6945829998892517	0.25	92976	0	regular	CNNLSTM
CNNLSTM_cv0_r0.25_regularSeqs	val	0.4490694582417591	0.6705301883357718	0.67177541740881	0.25	92976	0	regular	CNNLSTM
CNNLSTM_cv0_r0.25_regularSeqs	test	0.5917290436228528	0.7702370649752075	0.7639480903064252	0.25	92976	0	regular	CNNLSTM
CNNLSTM_cv2_r0.005_regularSeqs	train	0.2719550267516519	0.5224257830798198	0.521954812882632	0.005	1860	2	regular	CNNLSTM
CNNLSTM_cv2_r0.005_regularSeqs	val	0.1755561911263882	0.4230484112727207	0.4269805156471558	0.005	1860	2	regular	CNNLSTM
CNNLSTM_cv2_r0.005_regularSeqs	test	0.1712400441066441	0.4381639390913411	0.4267860683388579	0.005	1860	2	regular	CNNLSTM
biLSTM_cv3_r0.025_regularSeqs	train	0.2817446595473188	0.5336320853853707	0.5277406124468966	0.025	9298	3	regular	biLSTM
biLSTM_cv3_r0.025_regularSeqs	val	0.1806277549666121	0.4271734591055762	0.422991258531143	0.025	9298	3	regular	biLSTM
biLSTM_cv3_r0.025_regularSeqs	test	0.2354208106979823	0.4942219030725545	0.4848211478838432	0.025	9298	3	regular	biLSTM
CNN_cv4_r0.025_shuffleSeqs	train	0.0751463554045397	0.2762291918928626	0.2753410748233232	0.025	9298	4	shuffle	CNN
CNN_cv4_r0.025_shuffleSeqs	val	0.0738044873792271	0.2721716313698925	0.2741355281191819	0.025	9298	4	shuffle	CNN
CNN_cv4_r0.025_shuffleSeqs	test	0.0838344066851276	0.3001841711827785	0.282808785892079	0.025	9298	4	shuffle	CNN
CNNLSTM_cv2_r1.0_shuffleSeqs	val	0.0778778037683304	0.2791878710143546	0.2746192340678699	1.0	371905	2	shuffle	CNNLSTM
CNNLSTM_cv2_r1.0_shuffleSeqs	test	0.0745225474891968	0.2752565789819801	0.265444085756606	1.0	371905	2	shuffle	CNNLSTM
biLSTM_cv2_r0.005_regularSeqs	train	0.0930912212337764	0.307287136820026	0.3015408755799592	0.005	1860	2	regular	biLSTM
biLSTM_cv2_r0.005_regularSeqs	val	0.0975934759471746	0.3159542575257115	0.3201076626091481	0.005	1860	2	regular	biLSTM
biLSTM_cv2_r0.005_regularSeqs	test	-0.0025537302602465	0.1496494634831704	0.1817262573534474	0.005	1860	2	regular	biLSTM
CNNLSTM_cv2_r0.025_regularSeqs	train	0.3261874296571582	0.571180663055939	0.5614540089075111	0.025	9298	2	regular	CNNLSTM
CNNLSTM_cv2_r0.025_regularSeqs	val	0.3243020832752727	0.5697365291602233	0.5557860663503185	0.025	9298	2	regular	CNNLSTM
CNNLSTM_cv2_r0.025_regularSeqs	test	0.3210605760914035	0.5731247605012467	0.5422008700472982	0.025	9298	2	regular	CNNLSTM
biLSTM_cv1_r1.0_regularSeqs	val	0.4808694516700459	0.6937655998780085	0.6934287010241796	1.0	371905	1	regular	biLSTM
biLSTM_cv1_r1.0_regularSeqs	test	0.6305529233077587	0.7989305112309204	0.7903612837660576	1.0	371905	1	regular	biLSTM
biLSTM_cv1_r0.25_regularSeqs	val	0.4512367725385805	0.6720727103279189	0.6721502351926822	0.25	92976	1	regular	biLSTM
biLSTM_cv1_r0.25_regularSeqs	test	0.6048166855829814	0.7820928788239502	0.7762420989712442	0.25	92976	1	regular	biLSTM
CNN_cv0_r1.0_regularSeqs	val	0.4655854253303816	0.6831145439010838	0.6846794267113442	1.0	371904	0	regular	CNN
CNN_cv0_r1.0_regularSeqs	test	0.6181778199722803	0.7880381104280636	0.7813879571389172	1.0	371904	0	regular	CNN
CNN_cv2_r0.005_regularSeqs	train	0.4196703669292987	0.6645780222841542	0.6742463662426326	0.005	1860	2	regular	CNN
CNN_cv2_r0.005_regularSeqs	val	0.1823238443463209	0.430539204871144	0.434547644220292	0.005	1860	2	regular	CNN
CNN_cv2_r0.005_regularSeqs	test	0.1617292616101633	0.4232638328143928	0.3848357676314713	0.005	1860	2	regular	CNN
biLSTM_cv0_r1.0_regularSeqs	val	0.477156925915537	0.6911822126339786	0.6911618419257157	1.0	371904	0	regular	biLSTM
biLSTM_cv0_r1.0_regularSeqs	test	0.6282039555545662	0.7970512322437986	0.7892324911503851	1.0	371904	0	regular	biLSTM
CNNLSTM_cv4_r0.025_regularSeqs	train	0.367053181358262	0.6059462802340548	0.5974909648207227	0.025	9298	4	regular	CNNLSTM
CNNLSTM_cv4_r0.025_regularSeqs	val	0.3347400795593591	0.5787864533467899	0.5576155212799055	0.025	9298	4	regular	CNNLSTM
CNNLSTM_cv4_r0.025_regularSeqs	test	0.3760416063828317	0.6180509085606376	0.6095926822983333	0.025	9298	4	regular	CNNLSTM
CNN_cv1_r1.0_shuffleSeqs	val	0.0775543811697734	0.2786404721959616	0.2742273734659643	1.0	371905	1	shuffle	CNN
CNN_cv1_r1.0_shuffleSeqs	test	0.0719229765576681	0.2718275501146864	0.2612285234946832	1.0	371905	1	shuffle	CNN
CNN_cv4_r1.0_shuffleSeqs	val	0.0772418974927319	0.2783137421911589	0.2745067108443536	1.0	371905	4	shuffle	CNN
CNN_cv4_r1.0_shuffleSeqs	test	0.0692156688084461	0.2710357473540374	0.2609316489965955	1.0	371905	4	shuffle	CNN
CNN_cv2_r0.025_regularSeqs	train	0.4384673515074362	0.6645185644835576	0.6679231522367377	0.025	9298	2	regular	CNN
CNN_cv2_r0.025_regularSeqs	val	0.3840004630241781	0.6203932868556048	0.6254618523775008	0.025	9298	2	regular	CNN
CNN_cv2_r0.025_regularSeqs	test	0.4030503827768499	0.6379657341596585	0.638670363429245	0.025	9298	2	regular	CNN
CNN_cv3_r0.25_shuffleSeqs	val	0.0779628260667237	0.2794211538391379	0.2758314229875655	0.25	92976	3	shuffle	CNN
CNN_cv3_r0.25_shuffleSeqs	test	0.0638113703727526	0.2569266034700854	0.2490039859339861	0.25	92976	3	shuffle	CNN
CNNLSTM_cv3_r0.025_regularSeqs	train	0.3354112549801933	0.5795081309341142	0.5687752892808776	0.025	9298	3	regular	CNNLSTM
CNNLSTM_cv3_r0.025_regularSeqs	val	0.2891843109560954	0.5397121993920739	0.5239769243766469	0.025	9298	3	regular	CNNLSTM
CNNLSTM_cv3_r0.025_regularSeqs	test	0.3900333667646023	0.6332360714205056	0.6286998915019407	0.025	9298	3	regular	CNNLSTM
biLSTM_cv4_r1.0_shuffleSeqs	val	0.0795284469400759	0.2820448913939944	0.2775537287675232	1.0	371905	4	shuffle	biLSTM
biLSTM_cv4_r1.0_shuffleSeqs	test	0.0744548390906169	0.2762504260115879	0.2661845088028773	1.0	371905	4	shuffle	biLSTM
biLSTM_cv4_r0.025_regularSeqs	train	0.1906295981503711	0.4408783726709421	0.4379648298480248	0.025	9298	4	regular	biLSTM
biLSTM_cv4_r0.025_regularSeqs	val	0.1272690689444545	0.36886979963269	0.3589606721062433	0.025	9298	4	regular	biLSTM
biLSTM_cv4_r0.025_regularSeqs	test	0.1696088204338326	0.4167451496547639	0.3973101005081315	0.025	9298	4	regular	biLSTM
CNN_cv2_r0.25_shuffleSeqs	val	0.0736589824040052	0.2714464516639612	0.2676103028903251	0.25	92976	2	shuffle	CNN
CNN_cv2_r0.25_shuffleSeqs	test	0.06922190781035	0.2660534498221766	0.2560690457999166	0.25	92976	2	shuffle	CNN
CNNLSTM_cv2_r0.25_regularSeqs	val	0.3411702970901307	0.584292005833437	0.5767838847943019	0.25	92976	2	regular	CNNLSTM
CNNLSTM_cv2_r0.25_regularSeqs	test	0.4306610341120178	0.657688694147223	0.6352517467880877	0.25	92976	2	regular	CNNLSTM
CNN_cv3_r0.005_regularSeqs	train	0.6913956336822644	0.8480810463538476	0.8491644864883631	0.005	1860	3	regular	CNN
CNN_cv3_r0.005_regularSeqs	val	0.184517252673929	0.4551703037620039	0.4653419535256672	0.005	1860	3	regular	CNN
CNN_cv3_r0.005_regularSeqs	test	0.1350511308435279	0.4745877640423261	0.4989409125114334	0.005	1860	3	regular	CNN
CNN_cv0_r0.005_regularSeqs	train	0.1664364898554374	0.4310565386228534	0.441692129628942	0.005	1860	0	regular	CNN
CNN_cv0_r0.005_regularSeqs	val	0.097366570552159	0.3145208909727753	0.3213506162054137	0.005	1860	0	regular	CNN
CNN_cv0_r0.005_regularSeqs	test	0.1241490735369956	0.3528485348961526	0.3639382724228449	0.005	1860	0	regular	CNN
biLSTM_cv3_r0.005_shuffleSeqs	train	0.0980365467681471	0.3183491851261744	0.3073625346372102	0.005	1860	3	shuffle	biLSTM
biLSTM_cv3_r0.005_shuffleSeqs	val	0.0613248967733649	0.2526627601028	0.2484968844694906	0.005	1860	3	shuffle	biLSTM
biLSTM_cv3_r0.005_shuffleSeqs	test	0.0483841236382347	0.3359899633297223	0.3326625228495189	0.005	1860	3	shuffle	biLSTM
biLSTM_cv4_r1.0_regularSeqs	val	0.4878742779870553	0.6985730662351965	0.697299579180566	1.0	371905	4	regular	biLSTM
biLSTM_cv4_r1.0_regularSeqs	test	0.6343974253390439	0.7994224775533617	0.7921717601960311	1.0	371905	4	regular	biLSTM
CNN_cv1_r1.0_regularSeqs	val	0.4649630680883143	0.6825065695490711	0.6843322470142097	1.0	371905	1	regular	CNN
CNN_cv1_r1.0_regularSeqs	test	0.614404940012333	0.7858319089176813	0.7802493557243827	1.0	371905	1	regular	CNN
CNNLSTM_cv1_r0.005_regularSeqs	train	0.2262674535412089	0.4867204697817586	0.4927536027857785	0.005	1860	1	regular	CNNLSTM
CNNLSTM_cv1_r0.005_regularSeqs	val	0.140082478087784	0.3786369240971056	0.3774259490333	0.005	1860	1	regular	CNNLSTM
CNNLSTM_cv1_r0.005_regularSeqs	test	0.0779967033823356	0.3662489237601404	0.3528181336034596	0.005	1860	1	regular	CNNLSTM
biLSTM_cv1_r1.0_shuffleSeqs	val	0.0800911919704014	0.2831614434049825	0.2783915365690544	1.0	371905	1	shuffle	biLSTM
biLSTM_cv1_r1.0_shuffleSeqs	test	0.0762867283346083	0.2788221416257935	0.26884871582343	1.0	371905	1	shuffle	biLSTM
CNN_cv2_r1.0_shuffleSeqs	val	0.0768519114059433	0.2772248464080156	0.2731954517763569	1.0	371905	2	shuffle	CNN
CNN_cv2_r1.0_shuffleSeqs	test	0.0726532937999159	0.2731916930614713	0.263154176239228	1.0	371905	2	shuffle	CNN
biLSTM_cv2_r0.025_regularSeqs	train	0.3308402076899936	0.575698915333259	0.5752286769275297	0.025	9298	2	regular	biLSTM
biLSTM_cv2_r0.025_regularSeqs	val	0.2111181396787033	0.4657422517284364	0.4590127442814355	0.025	9298	2	regular	biLSTM
biLSTM_cv2_r0.025_regularSeqs	test	0.155464148518744	0.4274088649294442	0.4014369790142678	0.025	9298	2	regular	biLSTM
CNN_cv1_r0.025_shuffleSeqs	train	0.0745381505096771	0.2786754398868901	0.2683345992012431	0.025	9298	1	shuffle	CNN
CNN_cv1_r0.025_shuffleSeqs	val	0.0678203401161892	0.2605035687917869	0.2475259112199127	0.025	9298	1	shuffle	CNN
CNN_cv1_r0.025_shuffleSeqs	test	0.0525724336835206	0.2319752333386618	0.2322834078357692	0.025	9298	1	shuffle	CNN
biLSTM_cv4_r0.25_regularSeqs	val	0.4618596668573863	0.6797409623295974	0.6786695487021193	0.25	92976	4	regular	biLSTM
biLSTM_cv4_r0.25_regularSeqs	test	0.5931532645366362	0.7720744435428655	0.7663883865876908	0.25	92976	4	regular	biLSTM
CNNLSTM_cv0_r0.25_shuffleSeqs	train	0.0791489215302929	0.2820689512220491	0.2775392020636812	0.25	92976	0	shuffle	CNNLSTM
CNNLSTM_cv0_r0.25_shuffleSeqs	val	0.0721436627256862	0.2687923511731603	0.2650848470653663	0.25	92976	0	shuffle	CNNLSTM
CNNLSTM_cv0_r0.25_shuffleSeqs	test	0.0760951294270614	0.2789835317973714	0.2689984608323147	0.25	92976	0	shuffle	CNNLSTM
CNNLSTM_cv0_r0.005_regularSeqs	train	0.2419742251951645	0.492848289262655	0.4950823171206835	0.005	1860	0	regular	CNNLSTM
CNNLSTM_cv0_r0.005_regularSeqs	val	0.2044231293000452	0.4534101563469577	0.4417838596369421	0.005	1860	0	regular	CNNLSTM
CNNLSTM_cv0_r0.005_regularSeqs	test	0.1846334756860279	0.4407441607227574	0.4445740532705524	0.005	1860	0	regular	CNNLSTM
biLSTM_cv0_r0.025_shuffleSeqs	train	0.0920797405348043	0.3065760616501923	0.3011537896505097	0.025	9298	0	shuffle	biLSTM
biLSTM_cv0_r0.025_shuffleSeqs	val	0.0681958421617583	0.262716381427333	0.2531651494665923	0.025	9298	0	shuffle	biLSTM
biLSTM_cv0_r0.025_shuffleSeqs	test	0.0416444108422263	0.2376127005306905	0.2308852847936382	0.025	9298	0	shuffle	biLSTM
CNN_cv0_r1.0_shuffleSeqs	val	0.0767272287635696	0.2770140711806023	0.273488479581968	1.0	371904	0	shuffle	CNN
CNN_cv0_r1.0_shuffleSeqs	test	0.0722573495547017	0.2721228098965901	0.2623517883859686	1.0	371904	0	shuffle	CNN
CNN_cv4_r0.25_shuffleSeqs	val	0.078106594009243	0.2799778962506216	0.2784592029044442	0.25	92976	4	shuffle	CNN
CNN_cv4_r0.25_shuffleSeqs	test	0.0560625283654399	0.253460359648793	0.2482753289513084	0.25	92976	4	shuffle	CNN
CNNLSTM_cv4_r0.25_shuffleSeqs	val	0.0790510378580098	0.2811665419984058	0.2797081312460577	0.25	92976	4	shuffle	CNNLSTM
CNNLSTM_cv4_r0.25_shuffleSeqs	test	0.0661851807317899	0.2658241761620456	0.2599591029200269	0.25	92976	4	shuffle	CNNLSTM
CNN_cv2_r0.25_regularSeqs	val	0.4137987637358868	0.6465909189282872	0.6509992429313574	0.25	92976	2	regular	CNN
CNN_cv2_r0.25_regularSeqs	test	0.5599973821171413	0.7489534531442332	0.7445033407657714	0.25	92976	2	regular	CNN
biLSTM_cv1_r0.25_shuffleSeqs	val	0.0780964867161179	0.279750477934107	0.2721096390704107	0.25	92976	1	shuffle	biLSTM
biLSTM_cv1_r0.25_shuffleSeqs	test	0.077975318243852	0.2849174492792671	0.2733679766948407	0.25	92976	1	shuffle	biLSTM
CNNLSTM_cv1_r0.025_shuffleSeqs	train	0.0740266608914341	0.2732305869081735	0.266494974784189	0.025	9298	1	shuffle	CNNLSTM
CNNLSTM_cv1_r0.025_shuffleSeqs	val	0.0757187010545424	0.2760897252730392	0.2610010392925844	0.025	9298	1	shuffle	CNNLSTM
CNNLSTM_cv1_r0.025_shuffleSeqs	test	0.0501014456939703	0.2320543558246935	0.2329548147223073	0.025	9298	1	shuffle	CNNLSTM
biLSTM_cv0_r1.0_shuffleSeqs	val	0.0789717702577961	0.2810292914510146	0.277850831551456	1.0	371904	0	shuffle	biLSTM
biLSTM_cv0_r1.0_shuffleSeqs	test	0.0749230068531012	0.2763894788766422	0.2668552050686761	1.0	371904	0	shuffle	biLSTM
